atc_index,atc_code
1,A
2,A01
3,A01A
4,A01AA
5,A01AA01
6,A01AA02
7,A01AA03
8,A01AA04
9,A01AA30
10,A01AA51
11,A01AB
12,A01AB02
13,A01AB03
14,A01AB04
15,A01AB05
16,A01AB06
17,A01AB07
18,A01AB08
19,A01AB09
20,A01AB10
21,A01AB11
22,A01AB12
23,A01AB13
24,A01AB14
25,A01AB15
26,A01AB16
27,A01AB17
28,A01AB18
29,A01AB19
30,A01AB21
31,A01AB22
32,A01AB23
33,A01AC
34,A01AC01
35,A01AC02
36,A01AC03
37,A01AC54
38,A01AD
39,A01AD01
40,A01AD02
41,A01AD05
42,A01AD06
43,A01AD07
44,A01AD08
45,A01AD11
46,A02
47,A02A
48,A02AA
49,A02AA01
50,A02AA02
51,A02AA03
52,A02AA04
53,A02AA05
54,A02AA10
55,A02AB
56,A02AB01
57,A02AB02
58,A02AB03
59,A02AB04
60,A02AB05
61,A02AB06
62,A02AB07
63,A02AB10
64,A02AC
65,A02AC01
66,A02AC02
67,A02AC10
68,A02AD
69,A02AD01
70,A02AD02
71,A02AD03
72,A02AD04
73,A02AD05
74,A02AF
75,A02AF01
76,A02AF02
77,A02AG
78,A02AH
79,A02AX
80,A02B
81,A02BA
82,A02BA01
83,A02BA01
84,A02BA02
85,A02BA02
86,A02BA03
87,A02BA03
88,A02BA04
89,A02BA04
90,A02BA05
91,A02BA06
92,A02BA07
93,A02BA08
94,A02BA51
95,A02BA53
96,A02BB
97,A02BB01
98,A02BB02
99,A02BC
100,A02BC01
101,A02BC01
102,A02BC02
103,A02BC02
104,A02BC03
105,A02BC04
106,A02BC05
107,A02BC05
108,A02BC06
109,A02BC07
110,A02BC08
111,A02BC53
112,A02BC54
113,A02BD
114,A02BD01
115,A02BD02
116,A02BD03
117,A02BD04
118,A02BD05
119,A02BD06
120,A02BD07
121,A02BD08
122,A02BD09
123,A02BD10
124,A02BD11
125,A02BD12
126,A02BD13
127,A02BD14
128,A02BD15
129,A02BX
130,A02BX01
131,A02BX02
132,A02BX03
133,A02BX03
134,A02BX04
135,A02BX05
136,A02BX06
137,A02BX07
138,A02BX08
139,A02BX09
140,A02BX10
141,A02BX11
142,A02BX12
143,A02BX13
144,A02BX14
145,A02BX51
146,A02BX71
147,A02BX77
148,A02X
149,A03
150,A03A
151,A03AA
152,A03AA01
153,A03AA03
154,A03AA03
155,A03AA04
156,A03AA05
157,A03AA06
158,A03AA07
159,A03AA07
160,A03AA08
161,A03AA09
162,A03AA30
163,A03AB
164,A03AB01
165,A03AB02
166,A03AB02
167,A03AB02
168,A03AB03
169,A03AB04
170,A03AB05
171,A03AB05
172,A03AB06
173,A03AB07
174,A03AB08
175,A03AB09
176,A03AB10
177,A03AB11
178,A03AB12
179,A03AB13
180,A03AB14
181,A03AB15
182,A03AB16
183,A03AB17
184,A03AB18
185,A03AB19
186,A03AB21
187,A03AB53
188,A03AC
189,A03AC02
190,A03AC04
191,A03AC05
192,A03AD
193,A03AD01
194,A03AD01
195,A03AD02
196,A03AD02
197,A03AD30
198,A03AE
199,A03AE01
200,A03AE03
201,A03AX
202,A03AX01
203,A03AX02
204,A03AX03
205,A03AX04
206,A03AX05
207,A03AX06
208,A03AX07
209,A03AX08
210,A03AX09
211,A03AX10
212,A03AX11
213,A03AX12
214,A03AX13
215,A03AX14
216,A03AX15
217,A03AX30
218,A03AX30
219,A03AX58
220,A03B
221,A03BA
222,A03BA01
223,A03BA01
224,A03BA03
225,A03BA04
226,A03BB
227,A03BB01
228,A03BB01
229,A03BB01
230,A03BB02
231,A03BB03
232,A03BB03
233,A03BB04
234,A03BB05
235,A03BB06
236,A03C
237,A03CA
238,A03CA01
239,A03CA02
240,A03CA03
241,A03CA04
242,A03CA05
243,A03CA06
244,A03CA07
245,A03CA08
246,A03CA09
247,A03CA30
248,A03CA34
249,A03CB
250,A03CB01
251,A03CB02
252,A03CB03
253,A03CB04
254,A03CB31
255,A03CC
256,A03D
257,A03DA
258,A03DA01
259,A03DA02
260,A03DA03
261,A03DA04
262,A03DA05
263,A03DA06
264,A03DA07
265,A03DB
266,A03DB04
267,A03DC
268,A03E
269,A03EA
270,A03ED
271,A03F
272,A03FA
273,A03FA01
274,A03FA01
275,A03FA01
276,A03FA02
277,A03FA02
278,A03FA03
279,A03FA03
280,A03FA03
281,A03FA04
282,A03FA04
283,A03FA05
284,A03FA05
285,A03FA06
286,A03FA07
287,A03FA08
288,A03FA09
289,A04
290,A04A
291,A04AA
292,A04AA01
293,A04AA01
294,A04AA01
295,A04AA02
296,A04AA02
297,A04AA02
298,A04AA03
299,A04AA03
300,A04AA04
301,A04AA04
302,A04AA05
303,A04AA05
304,A04AA55
305,A04AD
306,A04AD01
307,A04AD02
308,A04AD04
309,A04AD05
310,A04AD05
311,A04AD10
312,A04AD11
313,A04AD12
314,A04AD12
315,A04AD13
316,A04AD14
317,A04AD51
318,A04AD54
319,A05
320,A05A
321,A05AA
322,A05AA01
323,A05AA02
324,A05AA03
325,A05AA04
326,A05AB
327,A05AB01
328,A05AX
329,A05AX01
330,A05AX02
331,A05AX03
332,A05B
333,A05BA
334,A05BA01
335,A05BA03
336,A05BA04
337,A05BA05
338,A05BA06
339,A05BA07
340,A05BA08
341,A05BA09
342,A05C
343,A06
344,A06A
345,A06AA
346,A06AA01
347,A06AA02
348,A06AA51
349,A06AB
350,A06AB01
351,A06AB02
352,A06AB02
353,A06AB03
354,A06AB04
355,A06AB05
356,A06AB06
357,A06AB07
358,A06AB08
359,A06AB09
360,A06AB20
361,A06AB30
362,A06AB52
363,A06AB53
364,A06AB56
365,A06AB57
366,A06AB58
367,A06AC
368,A06AC01
369,A06AC02
370,A06AC03
371,A06AC05
372,A06AC06
373,A06AC07
374,A06AC08
375,A06AC51
376,A06AC53
377,A06AC55
378,A06AD
379,A06AD01
380,A06AD02
381,A06AD03
382,A06AD04
383,A06AD10
384,A06AD11
385,A06AD12
386,A06AD13
387,A06AD14
388,A06AD15
389,A06AD16
390,A06AD17
391,A06AD18
392,A06AD19
393,A06AD21
394,A06AD61
395,A06AD65
396,A06AG
397,A06AG01
398,A06AG02
399,A06AG03
400,A06AG04
401,A06AG06
402,A06AG07
403,A06AG10
404,A06AG11
405,A06AG20
406,A06AH
407,A06AH01
408,A06AH02
409,A06AH03
410,A06AH04
411,A06AH05
412,A06AX
413,A06AX01
414,A06AX02
415,A06AX03
416,A06AX04
417,A06AX05
418,A06AX06
419,A06AX07
420,A06AX08
421,A07
422,A07A
423,A07AA
424,A07AA01
425,A07AA02
426,A07AA03
427,A07AA04
428,A07AA05
429,A07AA06
430,A07AA07
431,A07AA08
432,A07AA09
433,A07AA10
434,A07AA11
435,A07AA12
436,A07AA13
437,A07AA51
438,A07AA54
439,A07AB
440,A07AB02
441,A07AB03
442,A07AB04
443,A07AC
444,A07AC01
445,A07AX
446,A07AX01
447,A07AX02
448,A07AX03
449,A07AX04
450,A07B
451,A07BA
452,A07BA01
453,A07BA51
454,A07BB
455,A07BC
456,A07BC01
457,A07BC02
458,A07BC03
459,A07BC04
460,A07BC05
461,A07BC30
462,A07BC54
463,A07C
464,A07CA
465,A07D
466,A07DA
467,A07DA01
468,A07DA02
469,A07DA03
470,A07DA04
471,A07DA05
472,A07DA06
473,A07DA52
474,A07DA53
475,A07E
476,A07EA
477,A07EA01
478,A07EA02
479,A07EA03
480,A07EA04
481,A07EA05
482,A07EA06
483,A07EA06
484,A07EA07
485,A07EB
486,A07EB01
487,A07EC
488,A07EC01
489,A07EC01
490,A07EC02
491,A07EC02
492,A07EC03
493,A07EC04
494,A07F
495,A07FA
496,A07FA01
497,A07FA02
498,A07FA51
499,A07X
500,A07XA
501,A07XA01
502,A07XA02
503,A07XA03
504,A07XA04
505,A07XA06
506,A07XA51
507,A08
508,A08A
509,A08AA
510,A08AA01
511,A08AA02
512,A08AA03
513,A08AA04
514,A08AA05
515,A08AA06
516,A08AA07
517,A08AA08
518,A08AA09
519,A08AA10
520,A08AA11
521,A08AA56
522,A08AA62
523,A08AB
524,A08AB01
525,A08AX
526,A08AX01
527,A09
528,A09A
529,A09AA
530,A09AA01
531,A09AA02
532,A09AA03
533,A09AA04
534,A09AB
535,A09AB01
536,A09AB02
537,A09AB03
538,A09AB04
539,A09AC
540,A09AC01
541,A09AC02
542,A10
543,A10A
544,A10AB
545,A10AB01
546,A10AB02
547,A10AB03
548,A10AB04
549,A10AB05
550,A10AB06
551,A10AB30
552,A10AC
553,A10AC01
554,A10AC02
555,A10AC03
556,A10AC04
557,A10AC30
558,A10AD
559,A10AD01
560,A10AD02
561,A10AD03
562,A10AD04
563,A10AD05
564,A10AD06
565,A10AD30
566,A10AE
567,A10AE01
568,A10AE02
569,A10AE03
570,A10AE04
571,A10AE05
572,A10AE06
573,A10AE30
574,A10AE54
575,A10AE56
576,A10AF
577,A10AF01
578,A10B
579,A10BA
580,A10BA01
581,A10BA02
582,A10BA03
583,A10BB
584,A10BB01
585,A10BB01
586,A10BB02
587,A10BB03
588,A10BB04
589,A10BB05
590,A10BB06
591,A10BB07
592,A10BB08
593,A10BB09
594,A10BB10
595,A10BB11
596,A10BB12
597,A10BB31
598,A10BC
599,A10BC01
600,A10BD
601,A10BD01
602,A10BD02
603,A10BD03
604,A10BD04
605,A10BD05
606,A10BD06
607,A10BD07
608,A10BD08
609,A10BD09
610,A10BD10
611,A10BD11
612,A10BD12
613,A10BD13
614,A10BD14
615,A10BD15
616,A10BD16
617,A10BD17
618,A10BD18
619,A10BD19
620,A10BD20
621,A10BD21
622,A10BD22
623,A10BD23
624,A10BD24
625,A10BD25
626,A10BD26
627,A10BF
628,A10BF01
629,A10BF02
630,A10BF03
631,A10BG
632,A10BG01
633,A10BG02
634,A10BG03
635,A10BG04
636,A10BH
637,A10BH01
638,A10BH02
639,A10BH03
640,A10BH04
641,A10BH05
642,A10BH06
643,A10BH07
644,A10BH08
645,A10BH51
646,A10BH52
647,A10BJ
648,A10BJ01
649,A10BJ01
650,A10BJ02
651,A10BJ03
652,A10BJ04
653,A10BJ05
654,A10BJ06
655,A10BJ07
656,A10BK
657,A10BK01
658,A10BK02
659,A10BK03
660,A10BK04
661,A10BK05
662,A10BK06
663,A10BK07
664,A10BX
665,A10BX01
666,A10BX02
667,A10BX03
668,A10BX05
669,A10BX06
670,A10BX08
671,A10X
672,A10XA
673,A10XA01
674,A11
675,A11A
676,A11AA
677,A11AA01
678,A11AA02
679,A11AA03
680,A11AA04
681,A11AB
682,A11B
683,A11BA
684,A11C
685,A11CA
686,A11CA01
687,A11CA01
688,A11CA02
689,A11CB
690,A11CC
691,A11CC01
692,A11CC02
693,A11CC03
694,A11CC03
695,A11CC04
696,A11CC04
697,A11CC05
698,A11CC06
699,A11CC20
700,A11CC55
701,A11D
702,A11DA
703,A11DA01
704,A11DA01
705,A11DA02
706,A11DA03
707,A11DB
708,A11E
709,A11EA
710,A11EB
711,A11EC
712,A11ED
713,A11EX
714,A11G
715,A11GA
716,A11GA01
717,A11GA01
718,A11GB
719,A11GB01
720,A11H
721,A11HA
722,A11HA01
723,A11HA02
724,A11HA02
725,A11HA03
726,A11HA03
727,A11HA04
728,A11HA05
729,A11HA06
730,A11HA07
731,A11HA08
732,A11HA30
733,A11HA31
734,A11HA32
735,A11J
736,A11JA
737,A11JB
738,A11JC
739,A12
740,A12A
741,A12AA
742,A12AA01
743,A12AA02
744,A12AA03
745,A12AA03
746,A12AA04
747,A12AA05
748,A12AA06
749,A12AA07
750,A12AA08
751,A12AA09
752,A12AA10
753,A12AA11
754,A12AA13
755,A12AA20
756,A12AA30
757,A12AX
758,A12B
759,A12BA
760,A12BA01
761,A12BA02
762,A12BA03
763,A12BA04
764,A12BA05
765,A12BA30
766,A12BA51
767,A12C
768,A12CA
769,A12CA01
770,A12CA02
771,A12CB
772,A12CB01
773,A12CB02
774,A12CB03
775,A12CC
776,A12CC01
777,A12CC01
778,A12CC02
779,A12CC02
780,A12CC03
781,A12CC04
782,A12CC05
783,A12CC06
784,A12CC07
785,A12CC08
786,A12CC09
787,A12CC10
788,A12CC30
789,A12CD
790,A12CD01
791,A12CD02
792,A12CD51
793,A12CE
794,A12CE01
795,A12CE02
796,A12CE02
797,A12CX
798,A13
799,A13A
800,A14
801,A14A
802,A14AA
803,A14AA01
804,A14AA02
805,A14AA02
806,A14AA03
807,A14AA04
808,A14AA04
809,A14AA05
810,A14AA06
811,A14AA07
812,A14AA08
813,A14AA09
814,A14AB
815,A14AB01
816,A14AB02
817,A14AB03
818,A14B
819,A15
820,A16
821,A16A
822,A16AA
823,A16AA01
824,A16AA01
825,A16AA02
826,A16AA03
827,A16AA04
828,A16AA05
829,A16AA06
830,A16AA07
831,A16AB
832,A16AB01
833,A16AB02
834,A16AB03
835,A16AB04
836,A16AB05
837,A16AB06
838,A16AB07
839,A16AB08
840,A16AB09
841,A16AB10
842,A16AB11
843,A16AB12
844,A16AB13
845,A16AB14
846,A16AB15
847,A16AB16
848,A16AB17
849,A16AB18
850,A16AB19
851,A16AX
852,A16AX01
853,A16AX01
854,A16AX02
855,A16AX03
856,A16AX04
857,A16AX05
858,A16AX06
859,A16AX07
860,A16AX08
861,A16AX09
862,A16AX10
863,A16AX11
864,A16AX12
865,A16AX13
866,A16AX14
867,A16AX15
868,A16AX16
869,A16AX17
870,A16AX18
871,A16AX30
872,B
873,B01
874,B01A
875,B01AA
876,B01AA01
877,B01AA02
878,B01AA03
879,B01AA03
880,B01AA04
881,B01AA07
882,B01AA08
883,B01AA09
884,B01AA10
885,B01AA11
886,B01AA12
887,B01AB
888,B01AB01
889,B01AB02
890,B01AB04
891,B01AB05
892,B01AB06
893,B01AB07
894,B01AB08
895,B01AB09
896,B01AB10
897,B01AB11
898,B01AB11
899,B01AB12
900,B01AB51
901,B01AC
902,B01AC01
903,B01AC02
904,B01AC03
905,B01AC04
906,B01AC05
907,B01AC06
908,B01AC07
909,B01AC07
910,B01AC08
911,B01AC09
912,B01AC10
913,B01AC11
914,B01AC11
915,B01AC13
916,B01AC15
917,B01AC16
918,B01AC17
919,B01AC18
920,B01AC19
921,B01AC21
922,B01AC22
923,B01AC23
924,B01AC24
925,B01AC25
926,B01AC26
927,B01AC27
928,B01AC30
929,B01AC56
930,B01AD
931,B01AD01
932,B01AD02
933,B01AD03
934,B01AD04
935,B01AD05
936,B01AD06
937,B01AD07
938,B01AD08
939,B01AD09
940,B01AD10
941,B01AD11
942,B01AD12
943,B01AE
944,B01AE01
945,B01AE02
946,B01AE03
947,B01AE04
948,B01AE05
949,B01AE06
950,B01AE07
951,B01AF
952,B01AF01
953,B01AF02
954,B01AF03
955,B01AF04
956,B01AX
957,B01AX01
958,B01AX04
959,B01AX05
960,B01AX07
961,B02
962,B02A
963,B02AA
964,B02AA01
965,B02AA01
966,B02AA02
967,B02AA02
968,B02AA03
969,B02AB
970,B02AB01
971,B02AB02
972,B02AB04
973,B02AB05
974,B02B
975,B02BA
976,B02BA01
977,B02BA01
978,B02BA02
979,B02BA02
980,B02BB
981,B02BB01
982,B02BC
983,B02BC01
984,B02BC02
985,B02BC03
986,B02BC05
987,B02BC06
988,B02BC07
989,B02BC08
990,B02BC09
991,B02BC30
992,B02BD
993,B02BD01
994,B02BD02
995,B02BD03
996,B02BD04
997,B02BD05
998,B02BD06
999,B02BD07
1000,B02BD08
1001,B02BD10
1002,B02BD11
1003,B02BD13
1004,B02BD14
1005,B02BD30
1006,B02BX
1007,B02BX01
1008,B02BX02
1009,B02BX03
1010,B02BX04
1011,B02BX05
1012,B02BX06
1013,B02BX07
1014,B02BX08
1015,B02BX09
1016,B03
1017,B03A
1018,B03AA
1019,B03AA01
1020,B03AA02
1021,B03AA03
1022,B03AA04
1023,B03AA05
1024,B03AA06
1025,B03AA07
1026,B03AA08
1027,B03AA09
1028,B03AA10
1029,B03AA11
1030,B03AA12
1031,B03AB
1032,B03AB01
1033,B03AB02
1034,B03AB03
1035,B03AB04
1036,B03AB05
1037,B03AB07
1038,B03AB08
1039,B03AB09
1040,B03AB10
1041,B03AC
1042,B03AD
1043,B03AD01
1044,B03AD02
1045,B03AD03
1046,B03AD04
1047,B03AD05
1048,B03AE
1049,B03AE01
1050,B03AE02
1051,B03AE03
1052,B03AE04
1053,B03AE10
1054,B03B
1055,B03BA
1056,B03BA01
1057,B03BA01
1058,B03BA01
1059,B03BA02
1060,B03BA03
1061,B03BA04
1062,B03BA05
1063,B03BA05
1064,B03BA51
1065,B03BA53
1066,B03BB
1067,B03BB01
1068,B03BB01
1069,B03BB51
1070,B03X
1071,B03XA
1072,B03XA01
1073,B03XA02
1074,B03XA03
1075,B03XA04
1076,B03XA05
1077,B03XA06
1078,B05
1079,B05A
1080,B05AA
1081,B05AA01
1082,B05AA02
1083,B05AA03
1084,B05AA05
1085,B05AA06
1086,B05AA07
1087,B05AA08
1088,B05AA09
1089,B05AA10
1090,B05AX
1091,B05AX01
1092,B05AX02
1093,B05AX03
1094,B05AX04
1095,B05B
1096,B05BA
1097,B05BA01
1098,B05BA02
1099,B05BA03
1100,B05BA04
1101,B05BA10
1102,B05BB
1103,B05BB01
1104,B05BB02
1105,B05BB03
1106,B05BB04
1107,B05BC
1108,B05BC01
1109,B05BC02
1110,B05C
1111,B05CA
1112,B05CA01
1113,B05CA02
1114,B05CA03
1115,B05CA04
1116,B05CA05
1117,B05CA06
1118,B05CA07
1119,B05CA08
1120,B05CA09
1121,B05CA10
1122,B05CB
1123,B05CB01
1124,B05CB02
1125,B05CB03
1126,B05CB04
1127,B05CB10
1128,B05CX
1129,B05CX01
1130,B05CX02
1131,B05CX03
1132,B05CX04
1133,B05CX10
1134,B05D
1135,B05DA
1136,B05DB
1137,B05X
1138,B05XA
1139,B05XA01
1140,B05XA02
1141,B05XA03
1142,B05XA04
1143,B05XA05
1144,B05XA06
1145,B05XA07
1146,B05XA08
1147,B05XA09
1148,B05XA10
1149,B05XA11
1150,B05XA12
1151,B05XA13
1152,B05XA14
1153,B05XA15
1154,B05XA16
1155,B05XA17
1156,B05XA18
1157,B05XA30
1158,B05XA31
1159,B05XB
1160,B05XB01
1161,B05XB02
1162,B05XB03
1163,B05XC
1164,B05XX
1165,B05XX02
1166,B05Z
1167,B05ZA
1168,B05ZB
1169,B06
1170,B06A
1171,B06AA
1172,B06AA02
1173,B06AA03
1174,B06AA04
1175,B06AA07
1176,B06AA10
1177,B06AA55
1178,B06AB
1179,B06AB01
1180,B06AC
1181,B06AC01
1182,B06AC02
1183,B06AC03
1184,B06AC04
1185,B06AC05
1186,B06AC05
1187,B06AX
1188,B06AX01
1189,B06AX02
1190,C
1191,C01
1192,C01A
1193,C01AA
1194,C01AA01
1195,C01AA02
1196,C01AA03
1197,C01AA04
1198,C01AA04
1199,C01AA05
1200,C01AA05
1201,C01AA06
1202,C01AA06
1203,C01AA07
1204,C01AA08
1205,C01AA08
1206,C01AA09
1207,C01AA52
1208,C01AB
1209,C01AB01
1210,C01AB51
1211,C01AC
1212,C01AC01
1213,C01AC03
1214,C01AX
1215,C01AX02
1216,C01B
1217,C01BA
1218,C01BA01
1219,C01BA02
1220,C01BA02
1221,C01BA03
1222,C01BA03
1223,C01BA04
1224,C01BA05
1225,C01BA08
1226,C01BA12
1227,C01BA13
1228,C01BA51
1229,C01BA71
1230,C01BB
1231,C01BB01
1232,C01BB02
1233,C01BB02
1234,C01BB03
1235,C01BB03
1236,C01BB04
1237,C01BB04
1238,C01BC
1239,C01BC03
1240,C01BC03
1241,C01BC04
1242,C01BC04
1243,C01BC07
1244,C01BC08
1245,C01BC09
1246,C01BD
1247,C01BD01
1248,C01BD01
1249,C01BD02
1250,C01BD03
1251,C01BD04
1252,C01BD05
1253,C01BD06
1254,C01BD07
1255,C01BG
1256,C01BG01
1257,C01BG07
1258,C01BG11
1259,C01C
1260,C01CA
1261,C01CA01
1262,C01CA01
1263,C01CA02
1264,C01CA02
1265,C01CA03
1266,C01CA04
1267,C01CA05
1268,C01CA06
1269,C01CA07
1270,C01CA08
1271,C01CA08
1272,C01CA09
1273,C01CA10
1274,C01CA11
1275,C01CA12
1276,C01CA13
1277,C01CA14
1278,C01CA15
1279,C01CA16
1280,C01CA17
1281,C01CA18
1282,C01CA19
1283,C01CA21
1284,C01CA22
1285,C01CA23
1286,C01CA24
1287,C01CA25
1288,C01CA26
1289,C01CA27
1290,C01CA30
1291,C01CA51
1292,C01CE
1293,C01CE01
1294,C01CE02
1295,C01CE03
1296,C01CE04
1297,C01CX
1298,C01CX06
1299,C01CX07
1300,C01CX08
1301,C01CX09
1302,C01D
1303,C01DA
1304,C01DA02
1305,C01DA02
1306,C01DA02
1307,C01DA02
1308,C01DA04
1309,C01DA05
1310,C01DA07
1311,C01DA08
1312,C01DA08
1313,C01DA08
1314,C01DA08
1315,C01DA09
1316,C01DA13
1317,C01DA14
1318,C01DA20
1319,C01DA38
1320,C01DA52
1321,C01DA54
1322,C01DA55
1323,C01DA57
1324,C01DA58
1325,C01DA59
1326,C01DA63
1327,C01DA70
1328,C01DB
1329,C01DB01
1330,C01DX
1331,C01DX01
1332,C01DX02
1333,C01DX03
1334,C01DX03
1335,C01DX04
1336,C01DX05
1337,C01DX06
1338,C01DX07
1339,C01DX08
1340,C01DX08
1341,C01DX09
1342,C01DX10
1343,C01DX11
1344,C01DX12
1345,C01DX13
1346,C01DX14
1347,C01DX15
1348,C01DX16
1349,C01DX18
1350,C01DX19
1351,C01DX21
1352,C01DX22
1353,C01DX51
1354,C01DX52
1355,C01DX53
1356,C01DX54
1357,C01E
1358,C01EA
1359,C01EA01
1360,C01EB
1361,C01EB02
1362,C01EB03
1363,C01EB04
1364,C01EB05
1365,C01EB06
1366,C01EB07
1367,C01EB09
1368,C01EB10
1369,C01EB11
1370,C01EB13
1371,C01EB15
1372,C01EB16
1373,C01EB17
1374,C01EB18
1375,C01EB21
1376,C01EB22
1377,C01EB23
1378,C01EX
1379,C02
1380,C02A
1381,C02AA
1382,C02AA01
1383,C02AA02
1384,C02AA02
1385,C02AA03
1386,C02AA04
1387,C02AA05
1388,C02AA06
1389,C02AA07
1390,C02AA52
1391,C02AA53
1392,C02AA57
1393,C02AB
1394,C02AB01
1395,C02AB01
1396,C02AB02
1397,C02AC
1398,C02AC01
1399,C02AC01
1400,C02AC02
1401,C02AC04
1402,C02AC05
1403,C02AC06
1404,C02B
1405,C02BA
1406,C02BA01
1407,C02BB
1408,C02BB01
1409,C02BC
1410,C02C
1411,C02CA
1412,C02CA01
1413,C02CA02
1414,C02CA03
1415,C02CA04
1416,C02CA06
1417,C02CA06
1418,C02CC
1419,C02CC01
1420,C02CC02
1421,C02CC03
1422,C02CC04
1423,C02CC05
1424,C02CC06
1425,C02CC07
1426,C02D
1427,C02DA
1428,C02DA01
1429,C02DB
1430,C02DB01
1431,C02DB01
1432,C02DB02
1433,C02DB03
1434,C02DB04
1435,C02DC
1436,C02DC01
1437,C02DD
1438,C02DD01
1439,C02DG
1440,C02DG01
1441,C02K
1442,C02KA
1443,C02KA01
1444,C02KB
1445,C02KB01
1446,C02KC
1447,C02KC01
1448,C02KD
1449,C02KD01
1450,C02KD01
1451,C02KX
1452,C02KX01
1453,C02KX02
1454,C02KX03
1455,C02KX04
1456,C02KX05
1457,C02KX52
1458,C02L
1459,C02LA
1460,C02LA01
1461,C02LA02
1462,C02LA03
1463,C02LA04
1464,C02LA07
1465,C02LA08
1466,C02LA09
1467,C02LA50
1468,C02LA51
1469,C02LA52
1470,C02LA71
1471,C02LB
1472,C02LB01
1473,C02LC
1474,C02LC01
1475,C02LC05
1476,C02LC51
1477,C02LE
1478,C02LE01
1479,C02LF
1480,C02LF01
1481,C02LG
1482,C02LG01
1483,C02LG02
1484,C02LG03
1485,C02LG51
1486,C02LG73
1487,C02LK
1488,C02LK01
1489,C02LL
1490,C02LL01
1491,C02LN
1492,C02LX
1493,C02LX01
1494,C02N
1495,C03
1496,C03A
1497,C03AA
1498,C03AA01
1499,C03AA02
1500,C03AA03
1501,C03AA04
1502,C03AA05
1503,C03AA06
1504,C03AA07
1505,C03AA08
1506,C03AA09
1507,C03AA13
1508,C03AB
1509,C03AB01
1510,C03AB02
1511,C03AB03
1512,C03AB04
1513,C03AB05
1514,C03AB06
1515,C03AB07
1516,C03AB08
1517,C03AB09
1518,C03AH
1519,C03AH01
1520,C03AH02
1521,C03AX
1522,C03AX01
1523,C03B
1524,C03BA
1525,C03BA02
1526,C03BA03
1527,C03BA04
1528,C03BA05
1529,C03BA07
1530,C03BA08
1531,C03BA09
1532,C03BA10
1533,C03BA11
1534,C03BA12
1535,C03BA13
1536,C03BA82
1537,C03BB
1538,C03BB02
1539,C03BB03
1540,C03BB04
1541,C03BB05
1542,C03BB07
1543,C03BC
1544,C03BC01
1545,C03BD
1546,C03BD01
1547,C03BK
1548,C03BX
1549,C03BX03
1550,C03C
1551,C03CA
1552,C03CA01
1553,C03CA01
1554,C03CA02
1555,C03CA02
1556,C03CA03
1557,C03CA04
1558,C03CA04
1559,C03CB
1560,C03CB01
1561,C03CB02
1562,C03CC
1563,C03CC01
1564,C03CC01
1565,C03CC02
1566,C03CD
1567,C03CD01
1568,C03CX
1569,C03CX01
1570,C03D
1571,C03DA
1572,C03DA01
1573,C03DA02
1574,C03DA03
1575,C03DA04
1576,C03DB
1577,C03DB01
1578,C03DB02
1579,C03E
1580,C03EA
1581,C03EA01
1582,C03EA02
1583,C03EA03
1584,C03EA04
1585,C03EA05
1586,C03EA06
1587,C03EA07
1588,C03EA12
1589,C03EA13
1590,C03EA14
1591,C03EB
1592,C03EB01
1593,C03EB02
1594,C03X
1595,C03XA
1596,C03XA01
1597,C03XA02
1598,C04
1599,C04A
1600,C04AA
1601,C04AA01
1602,C04AA01
1603,C04AA02
1604,C04AA31
1605,C04AB
1606,C04AB01
1607,C04AB01
1608,C04AB02
1609,C04AC
1610,C04AC01
1611,C04AC01
1612,C04AC02
1613,C04AC02
1614,C04AC03
1615,C04AC07
1616,C04AD
1617,C04AD01
1618,C04AD02
1619,C04AD02
1620,C04AD03
1621,C04AD03
1622,C04AD04
1623,C04AE
1624,C04AE01
1625,C04AE01
1626,C04AE02
1627,C04AE04
1628,C04AE51
1629,C04AE54
1630,C04AF
1631,C04AF01
1632,C04AF01
1633,C04AX
1634,C04AX01
1635,C04AX02
1636,C04AX07
1637,C04AX10
1638,C04AX11
1639,C04AX17
1640,C04AX19
1641,C04AX20
1642,C04AX21
1643,C04AX23
1644,C04AX24
1645,C04AX26
1646,C04AX27
1647,C04AX28
1648,C04AX30
1649,C04AX32
1650,C05
1651,C05A
1652,C05AA
1653,C05AA01
1654,C05AA04
1655,C05AA05
1656,C05AA06
1657,C05AA08
1658,C05AA09
1659,C05AA10
1660,C05AA11
1661,C05AA12
1662,C05AB
1663,C05AD
1664,C05AD01
1665,C05AD02
1666,C05AD03
1667,C05AD04
1668,C05AD05
1669,C05AD06
1670,C05AD07
1671,C05AE
1672,C05AE01
1673,C05AE02
1674,C05AE03
1675,C05AX
1676,C05AX01
1677,C05AX02
1678,C05AX03
1679,C05AX04
1680,C05AX05
1681,C05B
1682,C05BA
1683,C05BA01
1684,C05BA02
1685,C05BA03
1686,C05BA04
1687,C05BA51
1688,C05BA53
1689,C05BB
1690,C05BB01
1691,C05BB02
1692,C05BB03
1693,C05BB04
1694,C05BB05
1695,C05BB56
1696,C05BX
1697,C05BX01
1698,C05BX51
1699,C05C
1700,C05CA
1701,C05CA01
1702,C05CA02
1703,C05CA03
1704,C05CA04
1705,C05CA05
1706,C05CA51
1707,C05CA53
1708,C05CA54
1709,C05CX
1710,C05CX01
1711,C05CX02
1712,C05CX03
1713,C07
1714,C07A
1715,C07AA
1716,C07AA01
1717,C07AA01
1718,C07AA02
1719,C07AA02
1720,C07AA03
1721,C07AA03
1722,C07AA05
1723,C07AA05
1724,C07AA06
1725,C07AA06
1726,C07AA07
1727,C07AA07
1728,C07AA12
1729,C07AA14
1730,C07AA15
1731,C07AA16
1732,C07AA17
1733,C07AA19
1734,C07AA23
1735,C07AA27
1736,C07AB
1737,C07AB01
1738,C07AB01
1739,C07AB02
1740,C07AB02
1741,C07AB03
1742,C07AB03
1743,C07AB04
1744,C07AB04
1745,C07AB05
1746,C07AB06
1747,C07AB07
1748,C07AB08
1749,C07AB09
1750,C07AB10
1751,C07AB11
1752,C07AB12
1753,C07AB13
1754,C07AB14
1755,C07AG
1756,C07AG01
1757,C07AG01
1758,C07AG02
1759,C07B
1760,C07BA
1761,C07BA02
1762,C07BA05
1763,C07BA06
1764,C07BA07
1765,C07BA12
1766,C07BA68
1767,C07BB
1768,C07BB02
1769,C07BB03
1770,C07BB04
1771,C07BB06
1772,C07BB07
1773,C07BB12
1774,C07BB52
1775,C07BG
1776,C07BG01
1777,C07C
1778,C07CA
1779,C07CA02
1780,C07CA03
1781,C07CA17
1782,C07CA23
1783,C07CB
1784,C07CB02
1785,C07CB03
1786,C07CB53
1787,C07CG
1788,C07CG01
1789,C07D
1790,C07DA
1791,C07DA06
1792,C07DB
1793,C07DB01
1794,C07E
1795,C07EA
1796,C07EB
1797,C07F
1798,C07FB
1799,C07FB02
1800,C07FB03
1801,C07FB07
1802,C07FB12
1803,C07FB13
1804,C07FX
1805,C07FX01
1806,C07FX02
1807,C07FX03
1808,C07FX04
1809,C07FX05
1810,C07FX06
1811,C08
1812,C08C
1813,C08CA
1814,C08CA01
1815,C08CA02
1816,C08CA03
1817,C08CA03
1818,C08CA04
1819,C08CA04
1820,C08CA05
1821,C08CA05
1822,C08CA06
1823,C08CA06
1824,C08CA07
1825,C08CA08
1826,C08CA09
1827,C08CA10
1828,C08CA11
1829,C08CA12
1830,C08CA13
1831,C08CA14
1832,C08CA15
1833,C08CA16
1834,C08CA51
1835,C08CA55
1836,C08CX
1837,C08CX01
1838,C08D
1839,C08DA
1840,C08DA01
1841,C08DA01
1842,C08DA02
1843,C08DA51
1844,C08DB
1845,C08DB01
1846,C08E
1847,C08EA
1848,C08EA01
1849,C08EA02
1850,C08EX
1851,C08EX01
1852,C08EX02
1853,C08G
1854,C08GA
1855,C08GA01
1856,C08GA02
1857,C09
1858,C09A
1859,C09AA
1860,C09AA01
1861,C09AA02
1862,C09AA02
1863,C09AA03
1864,C09AA04
1865,C09AA05
1866,C09AA06
1867,C09AA06
1868,C09AA07
1869,C09AA08
1870,C09AA09
1871,C09AA10
1872,C09AA11
1873,C09AA12
1874,C09AA13
1875,C09AA14
1876,C09AA15
1877,C09AA16
1878,C09B
1879,C09BA
1880,C09BA01
1881,C09BA02
1882,C09BA03
1883,C09BA04
1884,C09BA05
1885,C09BA06
1886,C09BA07
1887,C09BA08
1888,C09BA09
1889,C09BA12
1890,C09BA13
1891,C09BA15
1892,C09BB
1893,C09BB02
1894,C09BB03
1895,C09BB04
1896,C09BB05
1897,C09BB06
1898,C09BB07
1899,C09BB10
1900,C09BB12
1901,C09BX
1902,C09BX01
1903,C09BX02
1904,C09BX03
1905,C09BX04
1906,C09BX05
1907,C09C
1908,C09CA
1909,C09CA01
1910,C09CA02
1911,C09CA03
1912,C09CA04
1913,C09CA05
1914,C09CA06
1915,C09CA07
1916,C09CA08
1917,C09CA09
1918,C09CA10
1919,C09D
1920,C09DA
1921,C09DA01
1922,C09DA02
1923,C09DA03
1924,C09DA04
1925,C09DA06
1926,C09DA07
1927,C09DA08
1928,C09DA09
1929,C09DA10
1930,C09DB
1931,C09DB01
1932,C09DB02
1933,C09DB04
1934,C09DB05
1935,C09DB06
1936,C09DB07
1937,C09DB08
1938,C09DB09
1939,C09DX
1940,C09DX01
1941,C09DX02
1942,C09DX03
1943,C09DX04
1944,C09DX05
1945,C09DX06
1946,C09DX07
1947,C09X
1948,C09XA
1949,C09XA01
1950,C09XA02
1951,C09XA52
1952,C09XA53
1953,C09XA54
1954,C10
1955,C10A
1956,C10AA
1957,C10AA01
1958,C10AA02
1959,C10AA03
1960,C10AA04
1961,C10AA05
1962,C10AA06
1963,C10AA07
1964,C10AA08
1965,C10AB
1966,C10AB01
1967,C10AB02
1968,C10AB03
1969,C10AB04
1970,C10AB05
1971,C10AB06
1972,C10AB07
1973,C10AB08
1974,C10AB09
1975,C10AB10
1976,C10AB11
1977,C10AC
1978,C10AC01
1979,C10AC02
1980,C10AC03
1981,C10AC04
1982,C10AD
1983,C10AD01
1984,C10AD02
1985,C10AD03
1986,C10AD04
1987,C10AD05
1988,C10AD06
1989,C10AD52
1990,C10AX
1991,C10AX01
1992,C10AX02
1993,C10AX03
1994,C10AX05
1995,C10AX06
1996,C10AX07
1997,C10AX08
1998,C10AX09
1999,C10AX10
2000,C10AX11
2001,C10AX12
2002,C10AX13
2003,C10AX14
2004,C10AX15
2005,C10AX16
2006,C10B
2007,C10BA
2008,C10BA01
2009,C10BA02
2010,C10BA03
2011,C10BA04
2012,C10BA05
2013,C10BA06
2014,C10BA07
2015,C10BA08
2016,C10BA09
2017,C10BA10
2018,C10BX
2019,C10BX01
2020,C10BX02
2021,C10BX03
2022,C10BX04
2023,C10BX05
2024,C10BX06
2025,C10BX07
2026,C10BX08
2027,C10BX09
2028,C10BX10
2029,C10BX11
2030,C10BX12
2031,C10BX13
2032,C10BX14
2033,C10BX15
2034,C10BX16
2035,C10BX17
2036,C10BX18
2037,D
2038,D01
2039,D01A
2040,D01AA
2041,D01AA01
2042,D01AA02
2043,D01AA03
2044,D01AA04
2045,D01AA06
2046,D01AA07
2047,D01AA08
2048,D01AA20
2049,D01AC
2050,D01AC01
2051,D01AC02
2052,D01AC03
2053,D01AC04
2054,D01AC05
2055,D01AC06
2056,D01AC07
2057,D01AC08
2058,D01AC09
2059,D01AC10
2060,D01AC11
2061,D01AC12
2062,D01AC13
2063,D01AC14
2064,D01AC15
2065,D01AC16
2066,D01AC17
2067,D01AC18
2068,D01AC19
2069,D01AC20
2070,D01AC52
2071,D01AC60
2072,D01AE
2073,D01AE01
2074,D01AE02
2075,D01AE03
2076,D01AE04
2077,D01AE05
2078,D01AE06
2079,D01AE07
2080,D01AE08
2081,D01AE09
2082,D01AE10
2083,D01AE11
2084,D01AE12
2085,D01AE13
2086,D01AE14
2087,D01AE15
2088,D01AE16
2089,D01AE17
2090,D01AE18
2091,D01AE19
2092,D01AE20
2093,D01AE21
2094,D01AE22
2095,D01AE23
2096,D01AE24
2097,D01AE54
2098,D01B
2099,D01BA
2100,D01BA01
2101,D01BA02
2102,D01BA03
2103,D02
2104,D02A
2105,D02AA
2106,D02AB
2107,D02AC
2108,D02AD
2109,D02AE
2110,D02AE01
2111,D02AE51
2112,D02AF
2113,D02AX
2114,D02B
2115,D02BA
2116,D02BA01
2117,D02BA02
2118,D02BB
2119,D02BB01
2120,D02BB02
2121,D03
2122,D03A
2123,D03AA
2124,D03AX
2125,D03AX01
2126,D03AX02
2127,D03AX03
2128,D03AX04
2129,D03AX05
2130,D03AX06
2131,D03AX09
2132,D03AX10
2133,D03AX11
2134,D03AX12
2135,D03AX13
2136,D03AX14
2137,D03B
2138,D03BA
2139,D03BA01
2140,D03BA02
2141,D03BA03
2142,D03BA52
2143,D04
2144,D04A
2145,D04AA
2146,D04AA01
2147,D04AA02
2148,D04AA03
2149,D04AA04
2150,D04AA09
2151,D04AA10
2152,D04AA12
2153,D04AA13
2154,D04AA14
2155,D04AA15
2156,D04AA16
2157,D04AA22
2158,D04AA32
2159,D04AA33
2160,D04AA34
2161,D04AB
2162,D04AB01
2163,D04AB02
2164,D04AB03
2165,D04AB04
2166,D04AB05
2167,D04AB06
2168,D04AB07
2169,D04AX
2170,D04AX01
2171,D05
2172,D05A
2173,D05AA
2174,D05AC
2175,D05AC01
2176,D05AC51
2177,D05AD
2178,D05AD01
2179,D05AD02
2180,D05AX
2181,D05AX01
2182,D05AX02
2183,D05AX03
2184,D05AX04
2185,D05AX05
2186,D05AX52
2187,D05AX55
2188,D05B
2189,D05BA
2190,D05BA01
2191,D05BA02
2192,D05BA03
2193,D05BB
2194,D05BB01
2195,D05BB02
2196,D05BX
2197,D05BX51
2198,D06
2199,D06A
2200,D06AA
2201,D06AA01
2202,D06AA02
2203,D06AA03
2204,D06AA04
2205,D06AX
2206,D06AX01
2207,D06AX02
2208,D06AX04
2209,D06AX05
2210,D06AX07
2211,D06AX08
2212,D06AX09
2213,D06AX10
2214,D06AX11
2215,D06AX12
2216,D06AX13
2217,D06AX14
2218,D06AX15
2219,D06B
2220,D06BA
2221,D06BA01
2222,D06BA02
2223,D06BA03
2224,D06BA04
2225,D06BA05
2226,D06BA06
2227,D06BA51
2228,D06BB
2229,D06BB01
2230,D06BB02
2231,D06BB03
2232,D06BB04
2233,D06BB05
2234,D06BB06
2235,D06BB07
2236,D06BB08
2237,D06BB09
2238,D06BB10
2239,D06BB11
2240,D06BB12
2241,D06BB53
2242,D06BX
2243,D06BX01
2244,D06BX02
2245,D06BX03
2246,D06C
2247,D07
2248,D07A
2249,D07AA
2250,D07AA01
2251,D07AA02
2252,D07AA03
2253,D07AB
2254,D07AB01
2255,D07AB02
2256,D07AB03
2257,D07AB04
2258,D07AB05
2259,D07AB06
2260,D07AB07
2261,D07AB08
2262,D07AB09
2263,D07AB10
2264,D07AB11
2265,D07AB19
2266,D07AB21
2267,D07AB30
2268,D07AC
2269,D07AC01
2270,D07AC02
2271,D07AC03
2272,D07AC04
2273,D07AC05
2274,D07AC06
2275,D07AC07
2276,D07AC08
2277,D07AC09
2278,D07AC10
2279,D07AC11
2280,D07AC12
2281,D07AC13
2282,D07AC14
2283,D07AC15
2284,D07AC16
2285,D07AC17
2286,D07AC18
2287,D07AC19
2288,D07AC21
2289,D07AD
2290,D07AD01
2291,D07AD02
2292,D07B
2293,D07BA
2294,D07BA01
2295,D07BA04
2296,D07BB
2297,D07BB01
2298,D07BB02
2299,D07BB03
2300,D07BB04
2301,D07BC
2302,D07BC01
2303,D07BC02
2304,D07BC03
2305,D07BC04
2306,D07BD
2307,D07C
2308,D07CA
2309,D07CA01
2310,D07CA02
2311,D07CA03
2312,D07CB
2313,D07CB01
2314,D07CB02
2315,D07CB03
2316,D07CB04
2317,D07CB05
2318,D07CC
2319,D07CC01
2320,D07CC02
2321,D07CC03
2322,D07CC04
2323,D07CC05
2324,D07CC06
2325,D07CD
2326,D07CD01
2327,D07X
2328,D07XA
2329,D07XA01
2330,D07XA02
2331,D07XB
2332,D07XB01
2333,D07XB02
2334,D07XB03
2335,D07XB04
2336,D07XB05
2337,D07XB30
2338,D07XC
2339,D07XC01
2340,D07XC02
2341,D07XC03
2342,D07XC04
2343,D07XC05
2344,D07XD
2345,D08
2346,D08A
2347,D08AA
2348,D08AA01
2349,D08AA02
2350,D08AA03
2351,D08AB
2352,D08AC
2353,D08AC01
2354,D08AC02
2355,D08AC03
2356,D08AC04
2357,D08AC05
2358,D08AC52
2359,D08AD
2360,D08AE
2361,D08AE01
2362,D08AE02
2363,D08AE03
2364,D08AE04
2365,D08AE05
2366,D08AE06
2367,D08AF
2368,D08AF01
2369,D08AG
2370,D08AG01
2371,D08AG02
2372,D08AG03
2373,D08AG04
2374,D08AH
2375,D08AH01
2376,D08AH02
2377,D08AH03
2378,D08AH30
2379,D08AJ
2380,D08AJ01
2381,D08AJ02
2382,D08AJ03
2383,D08AJ04
2384,D08AJ05
2385,D08AJ06
2386,D08AJ08
2387,D08AJ10
2388,D08AJ57
2389,D08AJ58
2390,D08AJ59
2391,D08AK
2392,D08AK01
2393,D08AK02
2394,D08AK03
2395,D08AK04
2396,D08AK05
2397,D08AK06
2398,D08AK30
2399,D08AL
2400,D08AL01
2401,D08AL30
2402,D08AX
2403,D08AX01
2404,D08AX02
2405,D08AX03
2406,D08AX04
2407,D08AX05
2408,D08AX06
2409,D08AX07
2410,D08AX08
2411,D08AX53
2412,D09
2413,D09A
2414,D09AA
2415,D09AA01
2416,D09AA02
2417,D09AA03
2418,D09AA04
2419,D09AA05
2420,D09AA06
2421,D09AA07
2422,D09AA08
2423,D09AA09
2424,D09AA10
2425,D09AA11
2426,D09AA12
2427,D09AA13
2428,D09AB
2429,D09AB01
2430,D09AB02
2431,D09AX
2432,D10
2433,D10A
2434,D10AA
2435,D10AA01
2436,D10AA02
2437,D10AA03
2438,D10AB
2439,D10AB01
2440,D10AB02
2441,D10AB03
2442,D10AB05
2443,D10AD
2444,D10AD01
2445,D10AD02
2446,D10AD03
2447,D10AD04
2448,D10AD05
2449,D10AD06
2450,D10AD51
2451,D10AD53
2452,D10AD54
2453,D10AE
2454,D10AE01
2455,D10AE51
2456,D10AF
2457,D10AF01
2458,D10AF02
2459,D10AF03
2460,D10AF04
2461,D10AF05
2462,D10AF06
2463,D10AF07
2464,D10AF51
2465,D10AF52
2466,D10AX
2467,D10AX01
2468,D10AX02
2469,D10AX03
2470,D10AX04
2471,D10AX05
2472,D10AX30
2473,D10B
2474,D10BA
2475,D10BA01
2476,D10BX
2477,D10BX01
2478,D11
2479,D11A
2480,D11AA
2481,D11AA01
2482,D11AC
2483,D11AC01
2484,D11AC02
2485,D11AC03
2486,D11AC06
2487,D11AC08
2488,D11AC09
2489,D11AC30
2490,D11AE
2491,D11AE01
2492,D11AF
2493,D11AH
2494,D11AH01
2495,D11AH02
2496,D11AH03
2497,D11AH04
2498,D11AH05
2499,D11AH06
2500,D11AH07
2501,D11AX
2502,D11AX01
2503,D11AX02
2504,D11AX03
2505,D11AX04
2506,D11AX05
2507,D11AX06
2508,D11AX08
2509,D11AX09
2510,D11AX10
2511,D11AX11
2512,D11AX12
2513,D11AX13
2514,D11AX16
2515,D11AX18
2516,D11AX21
2517,D11AX22
2518,D11AX23
2519,D11AX24
2520,D11AX25
2521,D11AX26
2522,D11AX52
2523,D11AX57
2524,G
2525,G01
2526,G01A
2527,G01AA
2528,G01AA01
2529,G01AA02
2530,G01AA03
2531,G01AA04
2532,G01AA05
2533,G01AA06
2534,G01AA07
2535,G01AA08
2536,G01AA09
2537,G01AA10
2538,G01AA11
2539,G01AA51
2540,G01AB
2541,G01AB01
2542,G01AC
2543,G01AC01
2544,G01AC02
2545,G01AC03
2546,G01AC05
2547,G01AC06
2548,G01AC30
2549,G01AD
2550,G01AD01
2551,G01AD02
2552,G01AD03
2553,G01AE
2554,G01AE01
2555,G01AE10
2556,G01AF
2557,G01AF01
2558,G01AF02
2559,G01AF04
2560,G01AF05
2561,G01AF06
2562,G01AF07
2563,G01AF08
2564,G01AF11
2565,G01AF12
2566,G01AF13
2567,G01AF14
2568,G01AF15
2569,G01AF16
2570,G01AF17
2571,G01AF18
2572,G01AF19
2573,G01AF20
2574,G01AF55
2575,G01AG
2576,G01AG02
2577,G01AX
2578,G01AX01
2579,G01AX02
2580,G01AX03
2581,G01AX05
2582,G01AX05
2583,G01AX06
2584,G01AX09
2585,G01AX11
2586,G01AX12
2587,G01AX13
2588,G01AX14
2589,G01AX15
2590,G01AX16
2591,G01AX17
2592,G01AX66
2593,G01B
2594,G01BA
2595,G01BC
2596,G01BD
2597,G01BE
2598,G01BF
2599,G02
2600,G02A
2601,G02AB
2602,G02AB01
2603,G02AB01
2604,G02AB02
2605,G02AB03
2606,G02AB03
2607,G02AC
2608,G02AC01
2609,G02AD
2610,G02AD01
2611,G02AD02
2612,G02AD02
2613,G02AD03
2614,G02AD04
2615,G02AD05
2616,G02AD06
2617,G02AD06
2618,G02AX
2619,G02B
2620,G02BA
2621,G02BA01
2622,G02BA02
2623,G02BA03
2624,G02BB
2625,G02BB01
2626,G02BB02
2627,G02C
2628,G02CA
2629,G02CA01
2630,G02CA01
2631,G02CA02
2632,G02CA03
2633,G02CB
2634,G02CB01
2635,G02CB01
2636,G02CB02
2637,G02CB03
2638,G02CB04
2639,G02CB05
2640,G02CB06
2641,G02CC
2642,G02CC01
2643,G02CC02
2644,G02CC03
2645,G02CC04
2646,G02CX
2647,G02CX01
2648,G02CX02
2649,G02CX03
2650,G02CX04
2651,G02CX05
2652,G03
2653,G03A
2654,G03AA
2655,G03AA01
2656,G03AA02
2657,G03AA03
2658,G03AA04
2659,G03AA05
2660,G03AA06
2661,G03AA07
2662,G03AA08
2663,G03AA09
2664,G03AA10
2665,G03AA11
2666,G03AA12
2667,G03AA13
2668,G03AA14
2669,G03AA15
2670,G03AA16
2671,G03AA17
2672,G03AA18
2673,G03AB
2674,G03AB01
2675,G03AB02
2676,G03AB03
2677,G03AB04
2678,G03AB05
2679,G03AB06
2680,G03AB07
2681,G03AB08
2682,G03AB09
2683,G03AC
2684,G03AC01
2685,G03AC02
2686,G03AC03
2687,G03AC04
2688,G03AC05
2689,G03AC06
2690,G03AC07
2691,G03AC08
2692,G03AC09
2693,G03AC10
2694,G03AD
2695,G03AD01
2696,G03AD02
2697,G03B
2698,G03BA
2699,G03BA01
2700,G03BA02
2701,G03BA03
2702,G03BA03
2703,G03BA03
2704,G03BA03
2705,G03BA03
2706,G03BA03
2707,G03BB
2708,G03BB01
2709,G03BB02
2710,G03C
2711,G03CA
2712,G03CA01
2713,G03CA03
2714,G03CA03
2715,G03CA03
2716,G03CA03
2717,G03CA03
2718,G03CA03
2719,G03CA03
2720,G03CA03
2721,G03CA03
2722,G03CA03
2723,G03CA04
2724,G03CA04
2725,G03CA04
2726,G03CA06
2727,G03CA07
2728,G03CA09
2729,G03CA53
2730,G03CA57
2731,G03CA57
2732,G03CB
2733,G03CB01
2734,G03CB01
2735,G03CB02
2736,G03CB02
2737,G03CB03
2738,G03CB04
2739,G03CC
2740,G03CC02
2741,G03CC03
2742,G03CC04
2743,G03CC05
2744,G03CC06
2745,G03CC07
2746,G03CX
2747,G03CX01
2748,G03D
2749,G03DA
2750,G03DA01
2751,G03DA02
2752,G03DA02
2753,G03DA03
2754,G03DA04
2755,G03DA04
2756,G03DA04
2757,G03DA04
2758,G03DB
2759,G03DB01
2760,G03DB02
2761,G03DB03
2762,G03DB04
2763,G03DB05
2764,G03DB06
2765,G03DB07
2766,G03DB08
2767,G03DC
2768,G03DC01
2769,G03DC02
2770,G03DC03
2771,G03DC04
2772,G03DC06
2773,G03DC31
2774,G03E
2775,G03EA
2776,G03EA01
2777,G03EA02
2778,G03EA03
2779,G03EB
2780,G03EK
2781,G03EK01
2782,G03F
2783,G03FA
2784,G03FA01
2785,G03FA02
2786,G03FA03
2787,G03FA04
2788,G03FA05
2789,G03FA06
2790,G03FA07
2791,G03FA08
2792,G03FA09
2793,G03FA10
2794,G03FA11
2795,G03FA12
2796,G03FA13
2797,G03FA14
2798,G03FA15
2799,G03FA16
2800,G03FA17
2801,G03FB
2802,G03FB01
2803,G03FB02
2804,G03FB03
2805,G03FB04
2806,G03FB05
2807,G03FB06
2808,G03FB07
2809,G03FB08
2810,G03FB09
2811,G03FB10
2812,G03FB11
2813,G03FB12
2814,G03G
2815,G03GA
2816,G03GA01
2817,G03GA02
2818,G03GA03
2819,G03GA04
2820,G03GA05
2821,G03GA06
2822,G03GA07
2823,G03GA08
2824,G03GA09
2825,G03GA10
2826,G03GA30
2827,G03GB
2828,G03GB01
2829,G03GB02
2830,G03GB03
2831,G03H
2832,G03HA
2833,G03HA01
2834,G03HA01
2835,G03HB
2836,G03HB01
2837,G03X
2838,G03XA
2839,G03XA01
2840,G03XA02
2841,G03XB
2842,G03XB01
2843,G03XB02
2844,G03XB51
2845,G03XC
2846,G03XC01
2847,G03XC02
2848,G03XC03
2849,G03XC04
2850,G03XC05
2851,G03XX
2852,G03XX01
2853,G04
2854,G04B
2855,G04BA
2856,G04BA01
2857,G04BA03
2858,G04BC
2859,G04BD
2860,G04BD01
2861,G04BD01
2862,G04BD02
2863,G04BD03
2864,G04BD04
2865,G04BD04
2866,G04BD05
2867,G04BD06
2868,G04BD07
2869,G04BD08
2870,G04BD09
2871,G04BD10
2872,G04BD11
2873,G04BD12
2874,G04BD13
2875,G04BE
2876,G04BE01
2877,G04BE01
2878,G04BE02
2879,G04BE03
2880,G04BE04
2881,G04BE06
2882,G04BE07
2883,G04BE08
2884,G04BE09
2885,G04BE10
2886,G04BE11
2887,G04BE30
2888,G04BE52
2889,G04BX
2890,G04BX01
2891,G04BX03
2892,G04BX06
2893,G04BX10
2894,G04BX11
2895,G04BX12
2896,G04BX13
2897,G04BX14
2898,G04BX15
2899,G04BX16
2900,G04C
2901,G04CA
2902,G04CA01
2903,G04CA02
2904,G04CA03
2905,G04CA04
2906,G04CA51
2907,G04CA52
2908,G04CA53
2909,G04CA54
2910,G04CB
2911,G04CB01
2912,G04CB02
2913,G04CX
2914,G04CX01
2915,G04CX02
2916,G04CX03
2917,G04CX04
2918,H
2919,H01
2920,H01A
2921,H01AA
2922,H01AA01
2923,H01AA02
2924,H01AB
2925,H01AB01
2926,H01AC
2927,H01AC01
2928,H01AC02
2929,H01AC03
2930,H01AC04
2931,H01AC05
2932,H01AC06
2933,H01AC07
2934,H01AX
2935,H01AX01
2936,H01B
2937,H01BA
2938,H01BA01
2939,H01BA02
2940,H01BA02
2941,H01BA02
2942,H01BA02
2943,H01BA03
2944,H01BA03
2945,H01BA04
2946,H01BA05
2947,H01BB
2948,H01BB01
2949,H01BB02
2950,H01BB02
2951,H01BB02
2952,H01BB03
2953,H01C
2954,H01CA
2955,H01CA01
2956,H01CA02
2957,H01CB
2958,H01CB01
2959,H01CB02
2960,H01CB03
2961,H01CB04
2962,H01CB05
2963,H01CC
2964,H01CC01
2965,H01CC02
2966,H01CC03
2967,H01CC54
2968,H02
2969,H02A
2970,H02AA
2971,H02AA01
2972,H02AA02
2973,H02AA03
2974,H02AA03
2975,H02AB
2976,H02AB01
2977,H02AB01
2978,H02AB01
2979,H02AB02
2980,H02AB02
2981,H02AB03
2982,H02AB04
2983,H02AB04
2984,H02AB05
2985,H02AB05
2986,H02AB06
2987,H02AB06
2988,H02AB07
2989,H02AB08
2990,H02AB08
2991,H02AB09
2992,H02AB09
2993,H02AB10
2994,H02AB10
2995,H02AB11
2996,H02AB12
2997,H02AB13
2998,H02AB14
2999,H02AB15
3000,H02AB17
3001,H02B
3002,H02BX
3003,H02BX01
3004,H02C
3005,H02CA
3006,H02CA01
3007,H02CA02
3008,H02CA03
3009,H03
3010,H03A
3011,H03AA
3012,H03AA01
3013,H03AA01
3014,H03AA02
3015,H03AA02
3016,H03AA03
3017,H03AA04
3018,H03AA05
3019,H03B
3020,H03BA
3021,H03BA01
3022,H03BA02
3023,H03BA03
3024,H03BB
3025,H03BB01
3026,H03BB02
3027,H03BB52
3028,H03BC
3029,H03BC01
3030,H03BX
3031,H03BX01
3032,H03BX02
3033,H03C
3034,H03CA
3035,H03CA
3036,H04
3037,H04A
3038,H04AA
3039,H04AA01
3040,H04AA01
3041,H05
3042,H05A
3043,H05AA
3044,H05AA01
3045,H05AA02
3046,H05AA03
3047,H05AA04
3048,H05B
3049,H05BA
3050,H05BA01
3051,H05BA01
3052,H05BA02
3053,H05BA03
3054,H05BA04
3055,H05BX
3056,H05BX01
3057,H05BX02
3058,H05BX02
3059,H05BX03
3060,H05BX04
3061,H05BX05
3062,J
3063,J01
3064,J01A
3065,J01AA
3066,J01AA01
3067,J01AA02
3068,J01AA02
3069,J01AA03
3070,J01AA04
3071,J01AA04
3072,J01AA05
3073,J01AA06
3074,J01AA06
3075,J01AA07
3076,J01AA07
3077,J01AA08
3078,J01AA08
3079,J01AA09
3080,J01AA10
3081,J01AA11
3082,J01AA12
3083,J01AA13
3084,J01AA14
3085,J01AA15
3086,J01AA15
3087,J01AA20
3088,J01AA56
3089,J01B
3090,J01BA
3091,J01BA01
3092,J01BA01
3093,J01BA02
3094,J01BA02
3095,J01BA52
3096,J01C
3097,J01CA
3098,J01CA01
3099,J01CA01
3100,J01CA01
3101,J01CA02
3102,J01CA03
3103,J01CA04
3104,J01CA04
3105,J01CA05
3106,J01CA06
3107,J01CA07
3108,J01CA07
3109,J01CA08
3110,J01CA09
3111,J01CA10
3112,J01CA11
3113,J01CA12
3114,J01CA13
3115,J01CA14
3116,J01CA14
3117,J01CA15
3118,J01CA16
3119,J01CA17
3120,J01CA18
3121,J01CA19
3122,J01CA20
3123,J01CA51
3124,J01CE
3125,J01CE01
3126,J01CE02
3127,J01CE03
3128,J01CE04
3129,J01CE05
3130,J01CE06
3131,J01CE07
3132,J01CE08
3133,J01CE09
3134,J01CE10
3135,J01CE30
3136,J01CF
3137,J01CF01
3138,J01CF01
3139,J01CF02
3140,J01CF02
3141,J01CF03
3142,J01CF04
3143,J01CF04
3144,J01CF05
3145,J01CF05
3146,J01CF06
3147,J01CG
3148,J01CG01
3149,J01CG02
3150,J01CR
3151,J01CR01
3152,J01CR02
3153,J01CR02
3154,J01CR03
3155,J01CR04
3156,J01CR05
3157,J01CR50
3158,J01D
3159,J01DB
3160,J01DB01
3161,J01DB02
3162,J01DB03
3163,J01DB04
3164,J01DB05
3165,J01DB06
3166,J01DB07
3167,J01DB08
3168,J01DB09
3169,J01DB09
3170,J01DB10
3171,J01DB11
3172,J01DB12
3173,J01DC
3174,J01DC01
3175,J01DC02
3176,J01DC02
3177,J01DC03
3178,J01DC04
3179,J01DC05
3180,J01DC06
3181,J01DC07
3182,J01DC07
3183,J01DC08
3184,J01DC09
3185,J01DC10
3186,J01DC11
3187,J01DC12
3188,J01DC13
3189,J01DC14
3190,J01DD
3191,J01DD01
3192,J01DD02
3193,J01DD03
3194,J01DD04
3195,J01DD05
3196,J01DD06
3197,J01DD07
3198,J01DD08
3199,J01DD09
3200,J01DD10
3201,J01DD11
3202,J01DD12
3203,J01DD13
3204,J01DD14
3205,J01DD15
3206,J01DD16
3207,J01DD17
3208,J01DD18
3209,J01DD51
3210,J01DD52
3211,J01DD54
3212,J01DD62
3213,J01DD63
3214,J01DD64
3215,J01DE
3216,J01DE01
3217,J01DE02
3218,J01DE03
3219,J01DF
3220,J01DF01
3221,J01DF01
3222,J01DF02
3223,J01DH
3224,J01DH02
3225,J01DH03
3226,J01DH04
3227,J01DH05
3228,J01DH06
3229,J01DH51
3230,J01DH52
3231,J01DH55
3232,J01DH56
3233,J01DI
3234,J01DI01
3235,J01DI02
3236,J01DI03
3237,J01DI04
3238,J01DI54
3239,J01E
3240,J01EA
3241,J01EA01
3242,J01EA01
3243,J01EA02
3244,J01EA03
3245,J01EB
3246,J01EB01
3247,J01EB01
3248,J01EB02
3249,J01EB03
3250,J01EB04
3251,J01EB05
3252,J01EB05
3253,J01EB06
3254,J01EB07
3255,J01EB08
3256,J01EB20
3257,J01EC
3258,J01EC01
3259,J01EC02
3260,J01EC03
3261,J01EC03
3262,J01EC20
3263,J01ED
3264,J01ED01
3265,J01ED02
3266,J01ED03
3267,J01ED04
3268,J01ED05
3269,J01ED06
3270,J01ED07
3271,J01ED08
3272,J01ED09
3273,J01ED09
3274,J01ED20
3275,J01EE
3276,J01EE01
3277,J01EE02
3278,J01EE03
3279,J01EE04
3280,J01EE05
3281,J01EE06
3282,J01EE07
3283,J01F
3284,J01FA
3285,J01FA01
3286,J01FA01
3287,J01FA01
3288,J01FA02
3289,J01FA03
3290,J01FA03
3291,J01FA05
3292,J01FA06
3293,J01FA07
3294,J01FA08
3295,J01FA09
3296,J01FA09
3297,J01FA10
3298,J01FA10
3299,J01FA11
3300,J01FA12
3301,J01FA13
3302,J01FA14
3303,J01FA15
3304,J01FA16
3305,J01FF
3306,J01FF01
3307,J01FF01
3308,J01FF02
3309,J01FF02
3310,J01FG
3311,J01FG01
3312,J01FG02
3313,J01G
3314,J01GA
3315,J01GA01
3316,J01GA02
3317,J01GB
3318,J01GB01
3319,J01GB01
3320,J01GB01
3321,J01GB03
3322,J01GB04
3323,J01GB05
3324,J01GB06
3325,J01GB07
3326,J01GB07
3327,J01GB08
3328,J01GB09
3329,J01GB10
3330,J01GB11
3331,J01GB12
3332,J01GB13
3333,J01GB14
3334,J01M
3335,J01MA
3336,J01MA01
3337,J01MA01
3338,J01MA02
3339,J01MA02
3340,J01MA03
3341,J01MA03
3342,J01MA04
3343,J01MA05
3344,J01MA06
3345,J01MA07
3346,J01MA08
3347,J01MA08
3348,J01MA09
3349,J01MA10
3350,J01MA11
3351,J01MA12
3352,J01MA12
3353,J01MA12
3354,J01MA13
3355,J01MA13
3356,J01MA14
3357,J01MA14
3358,J01MA15
3359,J01MA16
3360,J01MA16
3361,J01MA17
3362,J01MA18
3363,J01MA19
3364,J01MA21
3365,J01MA22
3366,J01MA23
3367,J01MA23
3368,J01MA24
3369,J01MA25
3370,J01MB
3371,J01MB01
3372,J01MB02
3373,J01MB03
3374,J01MB04
3375,J01MB05
3376,J01MB06
3377,J01MB07
3378,J01MB08
3379,J01R
3380,J01RA
3381,J01RA01
3382,J01RA02
3383,J01RA03
3384,J01RA04
3385,J01RA05
3386,J01RA06
3387,J01RA07
3388,J01RA08
3389,J01RA09
3390,J01RA10
3391,J01RA11
3392,J01RA12
3393,J01RA13
3394,J01X
3395,J01XA
3396,J01XA01
3397,J01XA02
3398,J01XA03
3399,J01XA04
3400,J01XA05
3401,J01XB
3402,J01XB01
3403,J01XB01
3404,J01XB01
3405,J01XB02
3406,J01XC
3407,J01XC01
3408,J01XC01
3409,J01XD
3410,J01XD01
3411,J01XD02
3412,J01XD03
3413,J01XE
3414,J01XE01
3415,J01XE02
3416,J01XE03
3417,J01XE51
3418,J01XX
3419,J01XX01
3420,J01XX01
3421,J01XX02
3422,J01XX03
3423,J01XX04
3424,J01XX05
3425,J01XX05
3426,J01XX06
3427,J01XX07
3428,J01XX08
3429,J01XX08
3430,J01XX09
3431,J01XX10
3432,J01XX11
3433,J01XX11
3434,J01XX12
3435,J02
3436,J02A
3437,J02AA
3438,J02AA01
3439,J02AA02
3440,J02AB
3441,J02AB01
3442,J02AB02
3443,J02AC
3444,J02AC01
3445,J02AC01
3446,J02AC02
3447,J02AC02
3448,J02AC03
3449,J02AC03
3450,J02AC04
3451,J02AC04
3452,J02AC05
3453,J02AC05
3454,J02AX
3455,J02AX01
3456,J02AX01
3457,J02AX04
3458,J02AX05
3459,J02AX06
3460,J04
3461,J04A
3462,J04AA
3463,J04AA01
3464,J04AA02
3465,J04AA02
3466,J04AA03
3467,J04AB
3468,J04AB01
3469,J04AB02
3470,J04AB02
3471,J04AB03
3472,J04AB04
3473,J04AB05
3474,J04AB06
3475,J04AB30
3476,J04AC
3477,J04AC01
3478,J04AC01
3479,J04AC51
3480,J04AD
3481,J04AD01
3482,J04AD02
3483,J04AD03
3484,J04AK
3485,J04AK01
3486,J04AK02
3487,J04AK02
3488,J04AK03
3489,J04AK04
3490,J04AK05
3491,J04AK06
3492,J04AK07
3493,J04AK08
3494,J04AM
3495,J04AM01
3496,J04AM02
3497,J04AM03
3498,J04AM04
3499,J04AM05
3500,J04AM06
3501,J04AM07
3502,J04AM08
3503,J04B
3504,J04BA
3505,J04BA01
3506,J04BA02
3507,J04BA03
3508,J05
3509,J05A
3510,J05AA
3511,J05AA01
3512,J05AB
3513,J05AB01
3514,J05AB01
3515,J05AB02
3516,J05AB03
3517,J05AB06
3518,J05AB06
3519,J05AB09
3520,J05AB11
3521,J05AB12
3522,J05AB13
3523,J05AB14
3524,J05AB15
3525,J05AC
3526,J05AC02
3527,J05AC03
3528,J05AD
3529,J05AD01
3530,J05AD02
3531,J05AE
3532,J05AE01
3533,J05AE02
3534,J05AE03
3535,J05AE04
3536,J05AE05
3537,J05AE07
3538,J05AE08
3539,J05AE09
3540,J05AE10
3541,J05AF
3542,J05AF01
3543,J05AF01
3544,J05AF02
3545,J05AF03
3546,J05AF04
3547,J05AF05
3548,J05AF06
3549,J05AF07
3550,J05AF08
3551,J05AF09
3552,J05AF10
3553,J05AF11
3554,J05AF12
3555,J05AF13
3556,J05AG
3557,J05AG01
3558,J05AG02
3559,J05AG03
3560,J05AG04
3561,J05AG05
3562,J05AG06
3563,J05AH
3564,J05AH01
3565,J05AH02
3566,J05AH03
3567,J05AH04
3568,J05AJ
3569,J05AJ01
3570,J05AJ02
3571,J05AJ03
3572,J05AJ04
3573,J05AP
3574,J05AP01
3575,J05AP01
3576,J05AP02
3577,J05AP03
3578,J05AP04
3579,J05AP05
3580,J05AP06
3581,J05AP07
3582,J05AP08
3583,J05AP09
3584,J05AP10
3585,J05AP11
3586,J05AP51
3587,J05AP52
3588,J05AP53
3589,J05AP54
3590,J05AP55
3591,J05AP56
3592,J05AP57
3593,J05AP58
3594,J05AR
3595,J05AR01
3596,J05AR02
3597,J05AR03
3598,J05AR04
3599,J05AR05
3600,J05AR06
3601,J05AR07
3602,J05AR08
3603,J05AR09
3604,J05AR10
3605,J05AR11
3606,J05AR12
3607,J05AR13
3608,J05AR14
3609,J05AR15
3610,J05AR16
3611,J05AR17
3612,J05AR18
3613,J05AR19
3614,J05AR20
3615,J05AR21
3616,J05AR22
3617,J05AR23
3618,J05AR24
3619,J05AR25
3620,J05AR26
3621,J05AR27
3622,J05AX
3623,J05AX01
3624,J05AX02
3625,J05AX05
3626,J05AX06
3627,J05AX07
3628,J05AX09
3629,J05AX10
3630,J05AX13
3631,J05AX17
3632,J05AX18
3633,J05AX18
3634,J05AX19
3635,J05AX21
3636,J05AX23
3637,J05AX24
3638,J05AX25
3639,J05AX26
3640,J05AX27
3641,J05AX28
3642,J05AX29
3643,J06
3644,J06A
3645,J06AA
3646,J06AA01
3647,J06AA02
3648,J06AA03
3649,J06AA04
3650,J06AA05
3651,J06AA06
3652,J06B
3653,J06BA
3654,J06BA01
3655,J06BA02
3656,J06BB
3657,J06BB01
3658,J06BB02
3659,J06BB03
3660,J06BB04
3661,J06BB05
3662,J06BB06
3663,J06BB07
3664,J06BB08
3665,J06BB09
3666,J06BB10
3667,J06BB11
3668,J06BB12
3669,J06BB13
3670,J06BB14
3671,J06BB15
3672,J06BB16
3673,J06BB17
3674,J06BB18
3675,J06BB19
3676,J06BB21
3677,J06BB22
3678,J06BB30
3679,J06BC
3680,J06BC01
3681,J07
3682,J07A
3683,J07AC
3684,J07AC01
3685,J07AD
3686,J07AD01
3687,J07AE
3688,J07AE01
3689,J07AE02
3690,J07AE51
3691,J07AF
3692,J07AF01
3693,J07AG
3694,J07AG01
3695,J07AG51
3696,J07AG52
3697,J07AG53
3698,J07AH
3699,J07AH01
3700,J07AH02
3701,J07AH03
3702,J07AH04
3703,J07AH05
3704,J07AH06
3705,J07AH07
3706,J07AH08
3707,J07AH09
3708,J07AH10
3709,J07AJ
3710,J07AJ01
3711,J07AJ02
3712,J07AJ51
3713,J07AJ52
3714,J07AK
3715,J07AK01
3716,J07AL
3717,J07AL01
3718,J07AL02
3719,J07AL52
3720,J07AM
3721,J07AM01
3722,J07AM51
3723,J07AM52
3724,J07AN
3725,J07AN01
3726,J07AP
3727,J07AP01
3728,J07AP02
3729,J07AP03
3730,J07AP10
3731,J07AR
3732,J07AR01
3733,J07AX
3734,J07B
3735,J07BA
3736,J07BA01
3737,J07BA02
3738,J07BA03
3739,J07BB
3740,J07BB01
3741,J07BB02
3742,J07BB03
3743,J07BB04
3744,J07BC
3745,J07BC01
3746,J07BC02
3747,J07BC20
3748,J07BD
3749,J07BD01
3750,J07BD51
3751,J07BD52
3752,J07BD53
3753,J07BD54
3754,J07BE
3755,J07BE01
3756,J07BF
3757,J07BF01
3758,J07BF02
3759,J07BF03
3760,J07BF04
3761,J07BG
3762,J07BG01
3763,J07BH
3764,J07BH01
3765,J07BH02
3766,J07BJ
3767,J07BJ01
3768,J07BJ51
3769,J07BK
3770,J07BK01
3771,J07BK02
3772,J07BK03
3773,J07BL
3774,J07BL01
3775,J07BM
3776,J07BM01
3777,J07BM02
3778,J07BM03
3779,J07BX
3780,J07BX01
3781,J07BX02
3782,J07C
3783,J07CA
3784,J07CA01
3785,J07CA02
3786,J07CA03
3787,J07CA04
3788,J07CA05
3789,J07CA06
3790,J07CA07
3791,J07CA08
3792,J07CA09
3793,J07CA10
3794,J07CA11
3795,J07CA12
3796,J07CA13
3797,J07X
3798,L
3799,L01
3800,L01A
3801,L01AA
3802,L01AA01
3803,L01AA02
3804,L01AA03
3805,L01AA05
3806,L01AA06
3807,L01AA07
3808,L01AA08
3809,L01AA09
3810,L01AB
3811,L01AB01
3812,L01AB02
3813,L01AB03
3814,L01AC
3815,L01AC01
3816,L01AC02
3817,L01AC03
3818,L01AD
3819,L01AD01
3820,L01AD02
3821,L01AD03
3822,L01AD04
3823,L01AD05
3824,L01AD06
3825,L01AD07
3826,L01AD08
3827,L01AG
3828,L01AG01
3829,L01AX
3830,L01AX01
3831,L01AX02
3832,L01AX03
3833,L01AX04
3834,L01B
3835,L01BA
3836,L01BA01
3837,L01BA03
3838,L01BA04
3839,L01BA05
3840,L01BB
3841,L01BB02
3842,L01BB03
3843,L01BB04
3844,L01BB05
3845,L01BB06
3846,L01BB07
3847,L01BC
3848,L01BC01
3849,L01BC02
3850,L01BC03
3851,L01BC04
3852,L01BC05
3853,L01BC06
3854,L01BC07
3855,L01BC08
3856,L01BC09
3857,L01BC52
3858,L01BC53
3859,L01BC59
3860,L01C
3861,L01CA
3862,L01CA01
3863,L01CA02
3864,L01CA03
3865,L01CA04
3866,L01CA05
3867,L01CA06
3868,L01CB
3869,L01CB01
3870,L01CB02
3871,L01CC
3872,L01CC01
3873,L01CD
3874,L01CD01
3875,L01CD02
3876,L01CD03
3877,L01CD04
3878,L01CE
3879,L01CE01
3880,L01CE02
3881,L01CE03
3882,L01CE04
3883,L01CX
3884,L01CX01
3885,L01D
3886,L01DA
3887,L01DA01
3888,L01DB
3889,L01DB01
3890,L01DB02
3891,L01DB03
3892,L01DB04
3893,L01DB05
3894,L01DB06
3895,L01DB07
3896,L01DB08
3897,L01DB09
3898,L01DB10
3899,L01DB11
3900,L01DC
3901,L01DC01
3902,L01DC02
3903,L01DC03
3904,L01DC04
3905,L01E
3906,L01EA
3907,L01EA01
3908,L01EA02
3909,L01EA03
3910,L01EA04
3911,L01EA05
3912,L01EB
3913,L01EB01
3914,L01EB02
3915,L01EB03
3916,L01EB04
3917,L01EB05
3918,L01EB06
3919,L01EB07
3920,L01EB08
3921,L01EC
3922,L01EC01
3923,L01EC02
3924,L01EC03
3925,L01ED
3926,L01ED01
3927,L01ED02
3928,L01ED03
3929,L01ED04
3930,L01ED05
3931,L01EE
3932,L01EE01
3933,L01EE02
3934,L01EE03
3935,L01EE04
3936,L01EF
3937,L01EF01
3938,L01EF02
3939,L01EF03
3940,L01EG
3941,L01EG01
3942,L01EG02
3943,L01EG03
3944,L01EH
3945,L01EH01
3946,L01EH02
3947,L01EH03
3948,L01EJ
3949,L01EJ01
3950,L01EJ02
3951,L01EK
3952,L01EK01
3953,L01EK02
3954,L01EK03
3955,L01EL
3956,L01EL01
3957,L01EL02
3958,L01EL03
3959,L01EM
3960,L01EM01
3961,L01EM02
3962,L01EM03
3963,L01EM04
3964,L01EX
3965,L01EX01
3966,L01EX02
3967,L01EX03
3968,L01EX04
3969,L01EX05
3970,L01EX06
3971,L01EX07
3972,L01EX08
3973,L01EX09
3974,L01EX10
3975,L01EX11
3976,L01EX12
3977,L01EX13
3978,L01EX14
3979,L01EX15
3980,L01EX16
3981,L01EX17
3982,L01EX18
3983,L01EX19
3984,L01EX20
3985,L01EX21
3986,L01X
3987,L01XA
3988,L01XA01
3989,L01XA02
3990,L01XA03
3991,L01XA04
3992,L01XA05
3993,L01XB
3994,L01XB01
3995,L01XC
3996,L01XC01
3997,L01XC02
3998,L01XC03
3999,L01XC05
4000,L01XC06
4001,L01XC07
4002,L01XC08
4003,L01XC09
4004,L01XC10
4005,L01XC11
4006,L01XC12
4007,L01XC13
4008,L01XC14
4009,L01XC15
4010,L01XC16
4011,L01XC17
4012,L01XC18
4013,L01XC19
4014,L01XC21
4015,L01XC22
4016,L01XC23
4017,L01XC24
4018,L01XC25
4019,L01XC26
4020,L01XC27
4021,L01XC28
4022,L01XC29
4023,L01XC31
4024,L01XC32
4025,L01XC33
4026,L01XC34
4027,L01XC35
4028,L01XC36
4029,L01XC37
4030,L01XC38
4031,L01XC39
4032,L01XC40
4033,L01XC41
4034,L01XD
4035,L01XD01
4036,L01XD03
4037,L01XD04
4038,L01XD05
4039,L01XD06
4040,L01XD07
4041,L01XF
4042,L01XF01
4043,L01XF02
4044,L01XF03
4045,L01XG
4046,L01XG01
4047,L01XG02
4048,L01XG03
4049,L01XH
4050,L01XH01
4051,L01XH02
4052,L01XH03
4053,L01XH04
4054,L01XH05
4055,L01XJ
4056,L01XJ01
4057,L01XJ02
4058,L01XJ03
4059,L01XK
4060,L01XK01
4061,L01XK02
4062,L01XK03
4063,L01XK04
4064,L01XK05
4065,L01XX
4066,L01XX01
4067,L01XX02
4068,L01XX03
4069,L01XX05
4070,L01XX07
4071,L01XX08
4072,L01XX10
4073,L01XX11
4074,L01XX16
4075,L01XX18
4076,L01XX23
4077,L01XX24
4078,L01XX27
4079,L01XX29
4080,L01XX33
4081,L01XX35
4082,L01XX36
4083,L01XX37
4084,L01XX40
4085,L01XX41
4086,L01XX44
4087,L01XX51
4088,L01XX52
4089,L01XX53
4090,L01XX57
4091,L01XX58
4092,L01XX59
4093,L01XX62
4094,L01XX66
4095,L01XX67
4096,L01XX69
4097,L01XX70
4098,L01XX71
4099,L01XY
4100,L01XY01
4101,L01XY02
4102,L02
4103,L02A
4104,L02AA
4105,L02AA01
4106,L02AA02
4107,L02AA03
4108,L02AA04
4109,L02AA04
4110,L02AB
4111,L02AB01
4112,L02AB02
4113,L02AB02
4114,L02AB03
4115,L02AE
4116,L02AE01
4117,L02AE01
4118,L02AE01
4119,L02AE02
4120,L02AE02
4121,L02AE02
4122,L02AE03
4123,L02AE04
4124,L02AE04
4125,L02AE05
4126,L02AE51
4127,L02AX
4128,L02B
4129,L02BA
4130,L02BA01
4131,L02BA02
4132,L02BA03
4133,L02BB
4134,L02BB01
4135,L02BB02
4136,L02BB03
4137,L02BB04
4138,L02BB05
4139,L02BB06
4140,L02BG
4141,L02BG01
4142,L02BG02
4143,L02BG03
4144,L02BG04
4145,L02BG05
4146,L02BG06
4147,L02BX
4148,L02BX01
4149,L02BX02
4150,L02BX03
4151,L03
4152,L03A
4153,L03AA
4154,L03AA02
4155,L03AA03
4156,L03AA09
4157,L03AA10
4158,L03AA12
4159,L03AA13
4160,L03AA14
4161,L03AA15
4162,L03AA16
4163,L03AA17
4164,L03AB
4165,L03AB01
4166,L03AB02
4167,L03AB03
4168,L03AB04
4169,L03AB05
4170,L03AB06
4171,L03AB07
4172,L03AB08
4173,L03AB09
4174,L03AB10
4175,L03AB11
4176,L03AB12
4177,L03AB13
4178,L03AB14
4179,L03AB15
4180,L03AB60
4181,L03AB61
4182,L03AC
4183,L03AC01
4184,L03AC02
4185,L03AX
4186,L03AX01
4187,L03AX01
4188,L03AX02
4189,L03AX03
4190,L03AX04
4191,L03AX05
4192,L03AX07
4193,L03AX08
4194,L03AX09
4195,L03AX10
4196,L03AX11
4197,L03AX12
4198,L03AX13
4199,L03AX14
4200,L03AX15
4201,L03AX16
4202,L03AX17
4203,L03AX18
4204,L03AX19
4205,L03AX21
4206,L04
4207,L04A
4208,L04AA
4209,L04AA02
4210,L04AA03
4211,L04AA04
4212,L04AA06
4213,L04AA06
4214,L04AA10
4215,L04AA13
4216,L04AA15
4217,L04AA18
4218,L04AA19
4219,L04AA21
4220,L04AA22
4221,L04AA23
4222,L04AA24
4223,L04AA25
4224,L04AA26
4225,L04AA27
4226,L04AA28
4227,L04AA29
4228,L04AA31
4229,L04AA32
4230,L04AA33
4231,L04AA34
4232,L04AA35
4233,L04AA36
4234,L04AA37
4235,L04AA38
4236,L04AA39
4237,L04AA40
4238,L04AA41
4239,L04AA42
4240,L04AA43
4241,L04AA44
4242,L04AA45
4243,L04AA46
4244,L04AA47
4245,L04AB
4246,L04AB01
4247,L04AB02
4248,L04AB03
4249,L04AB04
4250,L04AB05
4251,L04AB06
4252,L04AB07
4253,L04AC
4254,L04AC01
4255,L04AC02
4256,L04AC03
4257,L04AC04
4258,L04AC05
4259,L04AC07
4260,L04AC08
4261,L04AC09
4262,L04AC10
4263,L04AC11
4264,L04AC12
4265,L04AC13
4266,L04AC14
4267,L04AC15
4268,L04AC16
4269,L04AC17
4270,L04AC18
4271,L04AC19
4272,L04AD
4273,L04AD01
4274,L04AD01
4275,L04AD02
4276,L04AD02
4277,L04AD03
4278,L04AX
4279,L04AX01
4280,L04AX01
4281,L04AX02
4282,L04AX03
4283,L04AX03
4284,L04AX04
4285,L04AX05
4286,L04AX06
4287,L04AX07
4288,L04AX08
4289,M
4290,M01
4291,M01A
4292,M01AA
4293,M01AA01
4294,M01AA01
4295,M01AA01
4296,M01AA02
4297,M01AA02
4298,M01AA03
4299,M01AA03
4300,M01AA05
4301,M01AA05
4302,M01AA06
4303,M01AB
4304,M01AB01
4305,M01AB01
4306,M01AB01
4307,M01AB02
4308,M01AB02
4309,M01AB02
4310,M01AB03
4311,M01AB03
4312,M01AB04
4313,M01AB05
4314,M01AB05
4315,M01AB05
4316,M01AB06
4317,M01AB06
4318,M01AB07
4319,M01AB08
4320,M01AB09
4321,M01AB10
4322,M01AB11
4323,M01AB12
4324,M01AB13
4325,M01AB14
4326,M01AB15
4327,M01AB15
4328,M01AB16
4329,M01AB17
4330,M01AB51
4331,M01AB51
4332,M01AB55
4333,M01AC
4334,M01AC01
4335,M01AC01
4336,M01AC01
4337,M01AC02
4338,M01AC02
4339,M01AC02
4340,M01AC04
4341,M01AC05
4342,M01AC05
4343,M01AC05
4344,M01AC06
4345,M01AC06
4346,M01AC06
4347,M01AC56
4348,M01AE
4349,M01AE01
4350,M01AE01
4351,M01AE01
4352,M01AE02
4353,M01AE02
4354,M01AE03
4355,M01AE03
4356,M01AE03
4357,M01AE04
4358,M01AE05
4359,M01AE06
4360,M01AE07
4361,M01AE08
4362,M01AE09
4363,M01AE09
4364,M01AE10
4365,M01AE11
4366,M01AE11
4367,M01AE12
4368,M01AE13
4369,M01AE14
4370,M01AE15
4371,M01AE16
4372,M01AE17
4373,M01AE17
4374,M01AE18
4375,M01AE51
4376,M01AE52
4377,M01AE53
4378,M01AE56
4379,M01AG
4380,M01AG01
4381,M01AG02
4382,M01AG02
4383,M01AG03
4384,M01AG04
4385,M01AH
4386,M01AH01
4387,M01AH02
4388,M01AH03
4389,M01AH04
4390,M01AH05
4391,M01AH06
4392,M01AH07
4393,M01AX
4394,M01AX01
4395,M01AX02
4396,M01AX04
4397,M01AX05
4398,M01AX07
4399,M01AX07
4400,M01AX12
4401,M01AX13
4402,M01AX13
4403,M01AX14
4404,M01AX17
4405,M01AX18
4406,M01AX21
4407,M01AX22
4408,M01AX23
4409,M01AX24
4410,M01AX25
4411,M01AX26
4412,M01AX68
4413,M01B
4414,M01BA
4415,M01BA01
4416,M01BA02
4417,M01BA03
4418,M01BX
4419,M01C
4420,M01CA
4421,M01CA03
4422,M01CB
4423,M01CB01
4424,M01CB02
4425,M01CB03
4426,M01CB04
4427,M01CB05
4428,M01CC
4429,M01CC01
4430,M01CC02
4431,M01CX
4432,M02
4433,M02A
4434,M02AA
4435,M02AA01
4436,M02AA02
4437,M02AA03
4438,M02AA04
4439,M02AA05
4440,M02AA06
4441,M02AA07
4442,M02AA08
4443,M02AA09
4444,M02AA10
4445,M02AA11
4446,M02AA12
4447,M02AA13
4448,M02AA14
4449,M02AA15
4450,M02AA16
4451,M02AA17
4452,M02AA18
4453,M02AA19
4454,M02AA21
4455,M02AA22
4456,M02AA23
4457,M02AA24
4458,M02AA25
4459,M02AA26
4460,M02AA27
4461,M02AA28
4462,M02AA29
4463,M02AB
4464,M02AB01
4465,M02AB02
4466,M02AC
4467,M02AX
4468,M02AX02
4469,M02AX03
4470,M02AX05
4471,M02AX06
4472,M02AX10
4473,M03
4474,M03A
4475,M03AA
4476,M03AA01
4477,M03AA02
4478,M03AA04
4479,M03AB
4480,M03AB01
4481,M03AC
4482,M03AC01
4483,M03AC02
4484,M03AC03
4485,M03AC04
4486,M03AC05
4487,M03AC06
4488,M03AC07
4489,M03AC08
4490,M03AC09
4491,M03AC10
4492,M03AC11
4493,M03AX
4494,M03AX01
4495,M03B
4496,M03BA
4497,M03BA01
4498,M03BA02
4499,M03BA03
4500,M03BA03
4501,M03BA04
4502,M03BA05
4503,M03BA51
4504,M03BA52
4505,M03BA53
4506,M03BA71
4507,M03BA72
4508,M03BA73
4509,M03BB
4510,M03BB02
4511,M03BB03
4512,M03BB52
4513,M03BB53
4514,M03BB72
4515,M03BB73
4516,M03BC
4517,M03BC01
4518,M03BC01
4519,M03BC51
4520,M03BX
4521,M03BX01
4522,M03BX01
4523,M03BX02
4524,M03BX03
4525,M03BX04
4526,M03BX05
4527,M03BX06
4528,M03BX07
4529,M03BX08
4530,M03BX09
4531,M03BX30
4532,M03BX55
4533,M03C
4534,M03CA
4535,M03CA01
4536,M04
4537,M04A
4538,M04AA
4539,M04AA01
4540,M04AA01
4541,M04AA02
4542,M04AA03
4543,M04AA51
4544,M04AB
4545,M04AB01
4546,M04AB02
4547,M04AB03
4548,M04AB04
4549,M04AB05
4550,M04AC
4551,M04AC01
4552,M04AC01
4553,M04AC02
4554,M04AX
4555,M04AX01
4556,M04AX02
4557,M05
4558,M05B
4559,M05BA
4560,M05BA01
4561,M05BA01
4562,M05BA02
4563,M05BA02
4564,M05BA03
4565,M05BA04
4566,M05BA05
4567,M05BA06
4568,M05BA06
4569,M05BA07
4570,M05BA08
4571,M05BB
4572,M05BB01
4573,M05BB02
4574,M05BB03
4575,M05BB04
4576,M05BB05
4577,M05BB06
4578,M05BB07
4579,M05BB08
4580,M05BB09
4581,M05BC
4582,M05BC01
4583,M05BC02
4584,M05BX
4585,M05BX01
4586,M05BX02
4587,M05BX03
4588,M05BX04
4589,M05BX05
4590,M05BX06
4591,M05BX53
4592,M09
4593,M09A
4594,M09AA
4595,M09AA01
4596,M09AA72
4597,M09AB
4598,M09AB01
4599,M09AB02
4600,M09AB03
4601,M09AB52
4602,M09AX
4603,M09AX01
4604,M09AX02
4605,M09AX03
4606,M09AX04
4607,M09AX05
4608,M09AX06
4609,M09AX07
4610,M09AX08
4611,M09AX09
4612,M09AX10
4613,M09AX11
4614,N
4615,N01
4616,N01A
4617,N01AA
4618,N01AA01
4619,N01AA02
4620,N01AB
4621,N01AB01
4622,N01AB02
4623,N01AB04
4624,N01AB05
4625,N01AB06
4626,N01AB07
4627,N01AB08
4628,N01AF
4629,N01AF01
4630,N01AF02
4631,N01AF03
4632,N01AG
4633,N01AG01
4634,N01AH
4635,N01AH01
4636,N01AH02
4637,N01AH03
4638,N01AH04
4639,N01AH05
4640,N01AH06
4641,N01AH51
4642,N01AX
4643,N01AX03
4644,N01AX04
4645,N01AX05
4646,N01AX07
4647,N01AX10
4648,N01AX11
4649,N01AX13
4650,N01AX14
4651,N01AX15
4652,N01AX63
4653,N01B
4654,N01BA
4655,N01BA01
4656,N01BA02
4657,N01BA03
4658,N01BA04
4659,N01BA05
4660,N01BA52
4661,N01BA53
4662,N01BB
4663,N01BB01
4664,N01BB02
4665,N01BB03
4666,N01BB04
4667,N01BB05
4668,N01BB06
4669,N01BB07
4670,N01BB08
4671,N01BB09
4672,N01BB10
4673,N01BB20
4674,N01BB51
4675,N01BB52
4676,N01BB53
4677,N01BB54
4678,N01BB57
4679,N01BB58
4680,N01BB59
4681,N01BC
4682,N01BC01
4683,N01BX
4684,N01BX01
4685,N01BX02
4686,N01BX03
4687,N01BX04
4688,N02
4689,N02A
4690,N02AA
4691,N02AA01
4692,N02AA01
4693,N02AA01
4694,N02AA02
4695,N02AA03
4696,N02AA03
4697,N02AA03
4698,N02AA04
4699,N02AA04
4700,N02AA04
4701,N02AA05
4702,N02AA05
4703,N02AA08
4704,N02AA10
4705,N02AA11
4706,N02AA51
4707,N02AA53
4708,N02AA55
4709,N02AA56
4710,N02AA58
4711,N02AA59
4712,N02AA79
4713,N02AB
4714,N02AB01
4715,N02AB01
4716,N02AB02
4717,N02AB02
4718,N02AB02
4719,N02AB03
4720,N02AB03
4721,N02AB03
4722,N02AB52
4723,N02AB72
4724,N02AC
4725,N02AC01
4726,N02AC01
4727,N02AC01
4728,N02AC03
4729,N02AC04
4730,N02AC04
4731,N02AC05
4732,N02AC52
4733,N02AC54
4734,N02AC74
4735,N02AD
4736,N02AD01
4737,N02AD01
4738,N02AD02
4739,N02AE
4740,N02AE01
4741,N02AE01
4742,N02AE01
4743,N02AF
4744,N02AF01
4745,N02AF02
4746,N02AG
4747,N02AG01
4748,N02AG02
4749,N02AG03
4750,N02AG04
4751,N02AJ
4752,N02AJ01
4753,N02AJ02
4754,N02AJ03
4755,N02AJ06
4756,N02AJ07
4757,N02AJ08
4758,N02AJ09
4759,N02AJ13
4760,N02AJ14
4761,N02AJ15
4762,N02AJ17
4763,N02AJ18
4764,N02AJ19
4765,N02AX
4766,N02AX01
4767,N02AX01
4768,N02AX02
4769,N02AX02
4770,N02AX02
4771,N02AX03
4772,N02AX05
4773,N02AX05
4774,N02AX06
4775,N02B
4776,N02BA
4777,N02BA01
4778,N02BA01
4779,N02BA01
4780,N02BA02
4781,N02BA03
4782,N02BA04
4783,N02BA05
4784,N02BA06
4785,N02BA07
4786,N02BA08
4787,N02BA09
4788,N02BA10
4789,N02BA11
4790,N02BA12
4791,N02BA14
4792,N02BA15
4793,N02BA16
4794,N02BA51
4795,N02BA55
4796,N02BA57
4797,N02BA59
4798,N02BA65
4799,N02BA71
4800,N02BA75
4801,N02BA77
4802,N02BA79
4803,N02BB
4804,N02BB01
4805,N02BB02
4806,N02BB02
4807,N02BB02
4808,N02BB03
4809,N02BB04
4810,N02BB05
4811,N02BB51
4812,N02BB52
4813,N02BB53
4814,N02BB54
4815,N02BB71
4816,N02BB72
4817,N02BB73
4818,N02BB74
4819,N02BE
4820,N02BE01
4821,N02BE01
4822,N02BE01
4823,N02BE03
4824,N02BE04
4825,N02BE05
4826,N02BE51
4827,N02BE53
4828,N02BE54
4829,N02BE71
4830,N02BE73
4831,N02BE74
4832,N02BG
4833,N02BG02
4834,N02BG03
4835,N02BG04
4836,N02BG05
4837,N02BG06
4838,N02BG07
4839,N02BG08
4840,N02BG09
4841,N02BG10
4842,N02BG11
4843,N02C
4844,N02CA
4845,N02CA01
4846,N02CA01
4847,N02CA01
4848,N02CA02
4849,N02CA02
4850,N02CA02
4851,N02CA02
4852,N02CA02
4853,N02CA04
4854,N02CA07
4855,N02CA51
4856,N02CA52
4857,N02CA72
4858,N02CB
4859,N02CB01
4860,N02CC
4861,N02CC01
4862,N02CC01
4863,N02CC01
4864,N02CC01
4865,N02CC02
4866,N02CC03
4867,N02CC03
4868,N02CC04
4869,N02CC05
4870,N02CC06
4871,N02CC07
4872,N02CD
4873,N02CD01
4874,N02CD02
4875,N02CD03
4876,N02CX
4877,N02CX01
4878,N02CX02
4879,N02CX03
4880,N02CX05
4881,N02CX06
4882,N03
4883,N03A
4884,N03AA
4885,N03AA01
4886,N03AA02
4887,N03AA02
4888,N03AA03
4889,N03AA04
4890,N03AA30
4891,N03AB
4892,N03AB01
4893,N03AB02
4894,N03AB02
4895,N03AB03
4896,N03AB04
4897,N03AB05
4898,N03AB52
4899,N03AB54
4900,N03AC
4901,N03AC01
4902,N03AC02
4903,N03AC03
4904,N03AD
4905,N03AD01
4906,N03AD02
4907,N03AD03
4908,N03AD51
4909,N03AE
4910,N03AE01
4911,N03AE01
4912,N03AF
4913,N03AF01
4914,N03AF01
4915,N03AF02
4916,N03AF03
4917,N03AF04
4918,N03AG
4919,N03AG01
4920,N03AG01
4921,N03AG01
4922,N03AG02
4923,N03AG03
4924,N03AG03
4925,N03AG04
4926,N03AG05
4927,N03AG06
4928,N03AX
4929,N03AX03
4930,N03AX07
4931,N03AX09
4932,N03AX10
4933,N03AX11
4934,N03AX12
4935,N03AX13
4936,N03AX14
4937,N03AX14
4938,N03AX15
4939,N03AX16
4940,N03AX17
4941,N03AX18
4942,N03AX18
4943,N03AX19
4944,N03AX21
4945,N03AX22
4946,N03AX23
4947,N03AX23
4948,N03AX24
4949,N03AX25
4950,N03AX26
4951,N03AX30
4952,N04
4953,N04A
4954,N04AA
4955,N04AA01
4956,N04AA02
4957,N04AA02
4958,N04AA03
4959,N04AA04
4960,N04AA04
4961,N04AA05
4962,N04AA08
4963,N04AA08
4964,N04AA09
4965,N04AA10
4966,N04AA11
4967,N04AA12
4968,N04AB
4969,N04AB01
4970,N04AB02
4971,N04AB02
4972,N04AC
4973,N04AC01
4974,N04AC01
4975,N04AC30
4976,N04B
4977,N04BA
4978,N04BA01
4979,N04BA02
4980,N04BA03
4981,N04BA04
4982,N04BA05
4983,N04BA06
4984,N04BB
4985,N04BB01
4986,N04BC
4987,N04BC01
4988,N04BC02
4989,N04BC03
4990,N04BC04
4991,N04BC05
4992,N04BC06
4993,N04BC07
4994,N04BC08
4995,N04BC09
4996,N04BD
4997,N04BD01
4998,N04BD02
4999,N04BD03
5000,N04BX
5001,N04BX01
5002,N04BX02
5003,N04BX03
5004,N04BX04
5005,N04C
5006,N04CX
5007,N04CX01
5008,N05
5009,N05A
5010,N05AA
5011,N05AA01
5012,N05AA01
5013,N05AA01
5014,N05AA02
5015,N05AA02
5016,N05AA03
5017,N05AA03
5018,N05AA04
5019,N05AA04
5020,N05AA05
5021,N05AA05
5022,N05AA06
5023,N05AA07
5024,N05AB
5025,N05AB01
5026,N05AB01
5027,N05AB02
5028,N05AB02
5029,N05AB03
5030,N05AB03
5031,N05AB03
5032,N05AB03
5033,N05AB04
5034,N05AB04
5035,N05AB04
5036,N05AB05
5037,N05AB06
5038,N05AB06
5039,N05AB06
5040,N05AB07
5041,N05AB08
5042,N05AB08
5043,N05AB09
5044,N05AB10
5045,N05AB10
5046,N05AC
5047,N05AC01
5048,N05AC01
5049,N05AC02
5050,N05AC03
5051,N05AC03
5052,N05AC04
5053,N05AC04
5054,N05AD
5055,N05AD01
5056,N05AD01
5057,N05AD01
5058,N05AD02
5059,N05AD03
5060,N05AD03
5061,N05AD04
5062,N05AD04
5063,N05AD05
5064,N05AD06
5065,N05AD06
5066,N05AD06
5067,N05AD07
5068,N05AD08
5069,N05AD09
5070,N05AE
5071,N05AE01
5072,N05AE02
5073,N05AE03
5074,N05AE04
5075,N05AE04
5076,N05AE05
5077,N05AF
5078,N05AF01
5079,N05AF01
5080,N05AF02
5081,N05AF02
5082,N05AF03
5083,N05AF03
5084,N05AF04
5085,N05AF05
5086,N05AF05
5087,N05AF05
5088,N05AG
5089,N05AG01
5090,N05AG02
5091,N05AG03
5092,N05AH
5093,N05AH01
5094,N05AH01
5095,N05AH02
5096,N05AH02
5097,N05AH03
5098,N05AH03
5099,N05AH03
5100,N05AH04
5101,N05AH05
5102,N05AH06
5103,N05AH06
5104,N05AL
5105,N05AL01
5106,N05AL01
5107,N05AL02
5108,N05AL03
5109,N05AL03
5110,N05AL04
5111,N05AL04
5112,N05AL05
5113,N05AL06
5114,N05AL07
5115,N05AN
5116,N05AN01
5117,N05AX
5118,N05AX07
5119,N05AX07
5120,N05AX08
5121,N05AX08
5122,N05AX10
5123,N05AX11
5124,N05AX12
5125,N05AX12
5126,N05AX12
5127,N05AX13
5128,N05AX13
5129,N05AX14
5130,N05AX15
5131,N05AX16
5132,N05AX17
5133,N05B
5134,N05BA
5135,N05BA01
5136,N05BA01
5137,N05BA01
5138,N05BA02
5139,N05BA02
5140,N05BA03
5141,N05BA04
5142,N05BA05
5143,N05BA06
5144,N05BA06
5145,N05BA06
5146,N05BA07
5147,N05BA08
5148,N05BA09
5149,N05BA10
5150,N05BA11
5151,N05BA12
5152,N05BA13
5153,N05BA14
5154,N05BA15
5155,N05BA16
5156,N05BA17
5157,N05BA18
5158,N05BA19
5159,N05BA21
5160,N05BA22
5161,N05BA23
5162,N05BA24
5163,N05BA56
5164,N05BB
5165,N05BB01
5166,N05BB01
5167,N05BB02
5168,N05BB51
5169,N05BC
5170,N05BC01
5171,N05BC03
5172,N05BC04
5173,N05BC51
5174,N05BD
5175,N05BD01
5176,N05BD01
5177,N05BE
5178,N05BE01
5179,N05BX
5180,N05BX01
5181,N05BX02
5182,N05BX03
5183,N05BX04
5184,N05BX05
5185,N05C
5186,N05CA
5187,N05CA01
5188,N05CA01
5189,N05CA01
5190,N05CA02
5191,N05CA02
5192,N05CA03
5193,N05CA04
5194,N05CA05
5195,N05CA05
5196,N05CA06
5197,N05CA07
5198,N05CA08
5199,N05CA09
5200,N05CA10
5201,N05CA11
5202,N05CA12
5203,N05CA15
5204,N05CA16
5205,N05CA19
5206,N05CA20
5207,N05CA21
5208,N05CA22
5209,N05CB
5210,N05CB01
5211,N05CB02
5212,N05CC
5213,N05CC01
5214,N05CC01
5215,N05CC02
5216,N05CC03
5217,N05CC04
5218,N05CC05
5219,N05CC05
5220,N05CC05
5221,N05CD
5222,N05CD01
5223,N05CD02
5224,N05CD03
5225,N05CD03
5226,N05CD04
5227,N05CD05
5228,N05CD05
5229,N05CD06
5230,N05CD07
5231,N05CD08
5232,N05CD08
5233,N05CD08
5234,N05CD08
5235,N05CD09
5236,N05CD10
5237,N05CD11
5238,N05CD12
5239,N05CD13
5240,N05CD14
5241,N05CD15
5242,N05CE
5243,N05CE01
5244,N05CE02
5245,N05CE03
5246,N05CF
5247,N05CF01
5248,N05CF02
5249,N05CF03
5250,N05CF04
5251,N05CH
5252,N05CH01
5253,N05CH02
5254,N05CH03
5255,N05CM
5256,N05CM01
5257,N05CM02
5258,N05CM02
5259,N05CM03
5260,N05CM04
5261,N05CM05
5262,N05CM05
5263,N05CM06
5264,N05CM07
5265,N05CM08
5266,N05CM09
5267,N05CM10
5268,N05CM11
5269,N05CM12
5270,N05CM13
5271,N05CM15
5272,N05CM16
5273,N05CM18
5274,N05CM19
5275,N05CX
5276,N05CX01
5277,N05CX02
5278,N05CX03
5279,N05CX04
5280,N05CX05
5281,N05CX06
5282,N06
5283,N06A
5284,N06AA
5285,N06AA01
5286,N06AA02
5287,N06AA02
5288,N06AA03
5289,N06AA04
5290,N06AA04
5291,N06AA05
5292,N06AA06
5293,N06AA06
5294,N06AA07
5295,N06AA08
5296,N06AA09
5297,N06AA09
5298,N06AA10
5299,N06AA10
5300,N06AA11
5301,N06AA12
5302,N06AA12
5303,N06AA13
5304,N06AA14
5305,N06AA14
5306,N06AA15
5307,N06AA16
5308,N06AA17
5309,N06AA18
5310,N06AA19
5311,N06AA21
5312,N06AA21
5313,N06AA23
5314,N06AB
5315,N06AB02
5316,N06AB03
5317,N06AB04
5318,N06AB04
5319,N06AB05
5320,N06AB06
5321,N06AB07
5322,N06AB08
5323,N06AB09
5324,N06AB10
5325,N06AF
5326,N06AF01
5327,N06AF02
5328,N06AF03
5329,N06AF04
5330,N06AF05
5331,N06AF06
5332,N06AG
5333,N06AG02
5334,N06AG03
5335,N06AX
5336,N06AX01
5337,N06AX02
5338,N06AX03
5339,N06AX04
5340,N06AX05
5341,N06AX06
5342,N06AX07
5343,N06AX08
5344,N06AX09
5345,N06AX10
5346,N06AX11
5347,N06AX12
5348,N06AX13
5349,N06AX14
5350,N06AX15
5351,N06AX16
5352,N06AX17
5353,N06AX18
5354,N06AX19
5355,N06AX21
5356,N06AX22
5357,N06AX23
5358,N06AX24
5359,N06AX25
5360,N06AX26
5361,N06AX27
5362,N06B
5363,N06BA
5364,N06BA01
5365,N06BA01
5366,N06BA02
5367,N06BA03
5368,N06BA04
5369,N06BA05
5370,N06BA06
5371,N06BA07
5372,N06BA08
5373,N06BA09
5374,N06BA10
5375,N06BA11
5376,N06BA12
5377,N06BA13
5378,N06BA14
5379,N06BC
5380,N06BC01
5381,N06BC01
5382,N06BC02
5383,N06BX
5384,N06BX01
5385,N06BX02
5386,N06BX03
5387,N06BX03
5388,N06BX04
5389,N06BX05
5390,N06BX06
5391,N06BX07
5392,N06BX08
5393,N06BX09
5394,N06BX10
5395,N06BX11
5396,N06BX12
5397,N06BX13
5398,N06BX14
5399,N06BX15
5400,N06BX16
5401,N06BX17
5402,N06BX18
5403,N06BX21
5404,N06BX22
5405,N06C
5406,N06CA
5407,N06CA01
5408,N06CA02
5409,N06CA03
5410,N06CB
5411,N06D
5412,N06DA
5413,N06DA01
5414,N06DA02
5415,N06DA03
5416,N06DA03
5417,N06DA04
5418,N06DA05
5419,N06DA52
5420,N06DA53
5421,N06DX
5422,N06DX01
5423,N06DX02
5424,N06DX30
5425,N07
5426,N07A
5427,N07AA
5428,N07AA01
5429,N07AA01
5430,N07AA02
5431,N07AA02
5432,N07AA03
5433,N07AA03
5434,N07AA30
5435,N07AA51
5436,N07AB
5437,N07AB01
5438,N07AB01
5439,N07AB02
5440,N07AX
5441,N07AX01
5442,N07AX01
5443,N07AX02
5444,N07AX03
5445,N07B
5446,N07BA
5447,N07BA01
5448,N07BA01
5449,N07BA01
5450,N07BA01
5451,N07BA01
5452,N07BA03
5453,N07BA04
5454,N07BB
5455,N07BB01
5456,N07BB02
5457,N07BB03
5458,N07BB04
5459,N07BB05
5460,N07BC
5461,N07BC01
5462,N07BC01
5463,N07BC02
5464,N07BC02
5465,N07BC03
5466,N07BC04
5467,N07BC05
5468,N07BC06
5469,N07BC51
5470,N07C
5471,N07CA
5472,N07CA01
5473,N07CA02
5474,N07CA03
5475,N07CA04
5476,N07CA52
5477,N07X
5478,N07XA
5479,N07XX
5480,N07XX01
5481,N07XX02
5482,N07XX03
5483,N07XX04
5484,N07XX05
5485,N07XX06
5486,N07XX07
5487,N07XX08
5488,N07XX10
5489,N07XX11
5490,N07XX12
5491,N07XX13
5492,N07XX14
5493,N07XX15
5494,N07XX59
5495,P
5496,P01
5497,P01A
5498,P01AA
5499,P01AA01
5500,P01AA02
5501,P01AA04
5502,P01AA05
5503,P01AA52
5504,P01AB
5505,P01AB01
5506,P01AB01
5507,P01AB02
5508,P01AB02
5509,P01AB03
5510,P01AB04
5511,P01AB05
5512,P01AB06
5513,P01AB07
5514,P01AB51
5515,P01AC
5516,P01AC01
5517,P01AC02
5518,P01AC03
5519,P01AC04
5520,P01AR
5521,P01AR01
5522,P01AR02
5523,P01AR03
5524,P01AR53
5525,P01AX
5526,P01AX01
5527,P01AX02
5528,P01AX04
5529,P01AX05
5530,P01AX06
5531,P01AX07
5532,P01AX08
5533,P01AX09
5534,P01AX10
5535,P01AX11
5536,P01AX52
5537,P01B
5538,P01BA
5539,P01BA01
5540,P01BA01
5541,P01BA02
5542,P01BA03
5543,P01BA06
5544,P01BA07
5545,P01BB
5546,P01BB01
5547,P01BB02
5548,P01BB51
5549,P01BC
5550,P01BC01
5551,P01BC01
5552,P01BC02
5553,P01BD
5554,P01BD01
5555,P01BD51
5556,P01BD51
5557,P01BE
5558,P01BE01
5559,P01BE02
5560,P01BE02
5561,P01BE02
5562,P01BE03
5563,P01BE03
5564,P01BE03
5565,P01BE04
5566,P01BE05
5567,P01BF
5568,P01BF01
5569,P01BF02
5570,P01BF03
5571,P01BF04
5572,P01BF05
5573,P01BF06
5574,P01BX
5575,P01BX01
5576,P01BX02
5577,P01C
5578,P01CA
5579,P01CA02
5580,P01CA03
5581,P01CB
5582,P01CB01
5583,P01CB02
5584,P01CC
5585,P01CC01
5586,P01CC02
5587,P01CD
5588,P01CD01
5589,P01CD02
5590,P01CX
5591,P01CX01
5592,P01CX02
5593,P01CX03
5594,P01CX04
5595,P02
5596,P02B
5597,P02BA
5598,P02BA01
5599,P02BA02
5600,P02BB
5601,P02BB01
5602,P02BX
5603,P02BX01
5604,P02BX02
5605,P02BX03
5606,P02BX04
5607,P02C
5608,P02CA
5609,P02CA01
5610,P02CA02
5611,P02CA03
5612,P02CA04
5613,P02CA05
5614,P02CA06
5615,P02CA51
5616,P02CB
5617,P02CB01
5618,P02CB02
5619,P02CC
5620,P02CC01
5621,P02CC02
5622,P02CE
5623,P02CE01
5624,P02CF
5625,P02CF01
5626,P02CX
5627,P02CX01
5628,P02CX02
5629,P02CX03
5630,P02D
5631,P02DA
5632,P02DA01
5633,P02DX
5634,P02DX01
5635,P02DX02
5636,P03
5637,P03A
5638,P03AA
5639,P03AA01
5640,P03AA02
5641,P03AA03
5642,P03AA04
5643,P03AA05
5644,P03AA54
5645,P03AB
5646,P03AB01
5647,P03AB02
5648,P03AB51
5649,P03AC
5650,P03AC01
5651,P03AC02
5652,P03AC03
5653,P03AC04
5654,P03AC51
5655,P03AC52
5656,P03AC53
5657,P03AC54
5658,P03AX
5659,P03AX01
5660,P03AX02
5661,P03AX03
5662,P03AX04
5663,P03AX05
5664,P03AX06
5665,P03B
5666,P03BA
5667,P03BA01
5668,P03BA02
5669,P03BA03
5670,P03BA04
5671,P03BX
5672,P03BX01
5673,P03BX02
5674,P03BX03
5675,P03BX04
5676,P03BX05
5677,P03BX06
5678,R
5679,R01
5680,R01A
5681,R01AA
5682,R01AA02
5683,R01AA03
5684,R01AA04
5685,R01AA05
5686,R01AA06
5687,R01AA07
5688,R01AA08
5689,R01AA09
5690,R01AA10
5691,R01AA11
5692,R01AA12
5693,R01AA13
5694,R01AA14
5695,R01AA15
5696,R01AB
5697,R01AB01
5698,R01AB02
5699,R01AB03
5700,R01AB05
5701,R01AB06
5702,R01AB07
5703,R01AB08
5704,R01AC
5705,R01AC01
5706,R01AC02
5707,R01AC03
5708,R01AC04
5709,R01AC05
5710,R01AC06
5711,R01AC07
5712,R01AC08
5713,R01AC51
5714,R01AD
5715,R01AD01
5716,R01AD02
5717,R01AD03
5718,R01AD04
5719,R01AD05
5720,R01AD06
5721,R01AD07
5722,R01AD08
5723,R01AD09
5724,R01AD11
5725,R01AD12
5726,R01AD13
5727,R01AD52
5728,R01AD53
5729,R01AD57
5730,R01AD58
5731,R01AD59
5732,R01AD60
5733,R01AX
5734,R01AX01
5735,R01AX02
5736,R01AX03
5737,R01AX05
5738,R01AX06
5739,R01AX07
5740,R01AX08
5741,R01AX09
5742,R01AX10
5743,R01AX30
5744,R01B
5745,R01BA
5746,R01BA01
5747,R01BA02
5748,R01BA03
5749,R01BA51
5750,R01BA52
5751,R01BA53
5752,R02
5753,R02A
5754,R02AA
5755,R02AA01
5756,R02AA02
5757,R02AA03
5758,R02AA05
5759,R02AA06
5760,R02AA09
5761,R02AA10
5762,R02AA11
5763,R02AA12
5764,R02AA13
5765,R02AA14
5766,R02AA15
5767,R02AA16
5768,R02AA17
5769,R02AA18
5770,R02AA19
5771,R02AA20
5772,R02AA21
5773,R02AB
5774,R02AB01
5775,R02AB02
5776,R02AB03
5777,R02AB04
5778,R02AB30
5779,R02AD
5780,R02AD01
5781,R02AD02
5782,R02AD03
5783,R02AD04
5784,R02AX
5785,R02AX01
5786,R02AX02
5787,R02AX03
5788,R03
5789,R03A
5790,R03AA
5791,R03AA01
5792,R03AA01
5793,R03AB
5794,R03AB02
5795,R03AB02
5796,R03AB03
5797,R03AC
5798,R03AC02
5799,R03AC02
5800,R03AC02
5801,R03AC03
5802,R03AC03
5803,R03AC03
5804,R03AC04
5805,R03AC04
5806,R03AC04
5807,R03AC05
5808,R03AC06
5809,R03AC07
5810,R03AC08
5811,R03AC09
5812,R03AC10
5813,R03AC11
5814,R03AC12
5815,R03AC12
5816,R03AC13
5817,R03AC13
5818,R03AC14
5819,R03AC15
5820,R03AC16
5821,R03AC17
5822,R03AC18
5823,R03AC19
5824,R03AH
5825,R03AK
5826,R03AK01
5827,R03AK02
5828,R03AK04
5829,R03AK05
5830,R03AK06
5831,R03AK07
5832,R03AK08
5833,R03AK09
5834,R03AK10
5835,R03AK11
5836,R03AK12
5837,R03AK13
5838,R03AK14
5839,R03AL
5840,R03AL01
5841,R03AL02
5842,R03AL03
5843,R03AL04
5844,R03AL05
5845,R03AL06
5846,R03AL07
5847,R03AL08
5848,R03AL09
5849,R03AL10
5850,R03AL11
5851,R03AL12
5852,R03B
5853,R03BA
5854,R03BA01
5855,R03BA01
5856,R03BA01
5857,R03BA02
5858,R03BA02
5859,R03BA02
5860,R03BA03
5861,R03BA04
5862,R03BA05
5863,R03BA05
5864,R03BA05
5865,R03BA06
5866,R03BA07
5867,R03BA08
5868,R03BA09
5869,R03BB
5870,R03BB01
5871,R03BB01
5872,R03BB01
5873,R03BB02
5874,R03BB02
5875,R03BB03
5876,R03BB04
5877,R03BB04
5878,R03BB05
5879,R03BB06
5880,R03BB07
5881,R03BB08
5882,R03BB54
5883,R03BC
5884,R03BC01
5885,R03BC01
5886,R03BC01
5887,R03BC03
5888,R03BX
5889,R03BX01
5890,R03C
5891,R03CA
5892,R03CA02
5893,R03CB
5894,R03CB01
5895,R03CB02
5896,R03CB03
5897,R03CB03
5898,R03CB51
5899,R03CB53
5900,R03CC
5901,R03CC02
5902,R03CC02
5903,R03CC03
5904,R03CC03
5905,R03CC04
5906,R03CC04
5907,R03CC05
5908,R03CC05
5909,R03CC06
5910,R03CC07
5911,R03CC08
5912,R03CC09
5913,R03CC09
5914,R03CC10
5915,R03CC11
5916,R03CC12
5917,R03CC13
5918,R03CC14
5919,R03CC53
5920,R03CC63
5921,R03CK
5922,R03D
5923,R03DA
5924,R03DA01
5925,R03DA01
5926,R03DA01
5927,R03DA02
5928,R03DA02
5929,R03DA03
5930,R03DA03
5931,R03DA03
5932,R03DA04
5933,R03DA04
5934,R03DA04
5935,R03DA05
5936,R03DA05
5937,R03DA05
5938,R03DA06
5939,R03DA07
5940,R03DA08
5941,R03DA09
5942,R03DA10
5943,R03DA11
5944,R03DA11
5945,R03DA12
5946,R03DA20
5947,R03DA51
5948,R03DA54
5949,R03DA55
5950,R03DA57
5951,R03DA74
5952,R03DB
5953,R03DB01
5954,R03DB02
5955,R03DB03
5956,R03DB04
5957,R03DB05
5958,R03DB06
5959,R03DC
5960,R03DC01
5961,R03DC02
5962,R03DC03
5963,R03DC04
5964,R03DC53
5965,R03DX
5966,R03DX01
5967,R03DX02
5968,R03DX03
5969,R03DX05
5970,R03DX06
5971,R03DX07
5972,R03DX08
5973,R03DX09
5974,R03DX10
5975,R05
5976,R05C
5977,R05CA
5978,R05CA01
5979,R05CA02
5980,R05CA03
5981,R05CA03
5982,R05CA04
5983,R05CA05
5984,R05CA06
5985,R05CA07
5986,R05CA08
5987,R05CA09
5988,R05CA10
5989,R05CA11
5990,R05CA12
5991,R05CA13
5992,R05CB
5993,R05CB01
5994,R05CB01
5995,R05CB02
5996,R05CB02
5997,R05CB03
5998,R05CB04
5999,R05CB05
6000,R05CB06
6001,R05CB07
6002,R05CB08
6003,R05CB09
6004,R05CB10
6005,R05CB11
6006,R05CB13
6007,R05CB14
6008,R05CB15
6009,R05CB16
6010,R05D
6011,R05DA
6012,R05DA01
6013,R05DA03
6014,R05DA04
6015,R05DA05
6016,R05DA06
6017,R05DA07
6018,R05DA08
6019,R05DA09
6020,R05DA10
6021,R05DA11
6022,R05DA12
6023,R05DA20
6024,R05DB
6025,R05DB01
6026,R05DB02
6027,R05DB03
6028,R05DB03
6029,R05DB04
6030,R05DB05
6031,R05DB05
6032,R05DB07
6033,R05DB09
6034,R05DB10
6035,R05DB11
6036,R05DB12
6037,R05DB13
6038,R05DB14
6039,R05DB15
6040,R05DB16
6041,R05DB17
6042,R05DB18
6043,R05DB19
6044,R05DB20
6045,R05DB21
6046,R05DB22
6047,R05DB23
6048,R05DB24
6049,R05DB25
6050,R05DB26
6051,R05DB27
6052,R05DB28
6053,R05F
6054,R05FA
6055,R05FA01
6056,R05FA02
6057,R05FB
6058,R05FB01
6059,R05FB02
6060,R05X
6061,R06
6062,R06A
6063,R06AA
6064,R06AA01
6065,R06AA02
6066,R06AA02
6067,R06AA02
6068,R06AA02
6069,R06AA04
6070,R06AA04
6071,R06AA06
6072,R06AA06
6073,R06AA07
6074,R06AA08
6075,R06AA09
6076,R06AA10
6077,R06AA52
6078,R06AA54
6079,R06AA56
6080,R06AA57
6081,R06AA59
6082,R06AB
6083,R06AB01
6084,R06AB02
6085,R06AB02
6086,R06AB03
6087,R06AB04
6088,R06AB04
6089,R06AB05
6090,R06AB06
6091,R06AB07
6092,R06AB51
6093,R06AB52
6094,R06AB54
6095,R06AB56
6096,R06AC
6097,R06AC01
6098,R06AC01
6099,R06AC02
6100,R06AC03
6101,R06AC03
6102,R06AC04
6103,R06AC05
6104,R06AC06
6105,R06AC52
6106,R06AC53
6107,R06AD
6108,R06AD01
6109,R06AD01
6110,R06AD02
6111,R06AD02
6112,R06AD02
6113,R06AD03
6114,R06AD03
6115,R06AD03
6116,R06AD04
6117,R06AD05
6118,R06AD06
6119,R06AD06
6120,R06AD07
6121,R06AD08
6122,R06AD09
6123,R06AD52
6124,R06AD55
6125,R06AE
6126,R06AE01
6127,R06AE03
6128,R06AE03
6129,R06AE03
6130,R06AE04
6131,R06AE05
6132,R06AE05
6133,R06AE06
6134,R06AE07
6135,R06AE09
6136,R06AE51
6137,R06AE53
6138,R06AE55
6139,R06AK
6140,R06AX
6141,R06AX01
6142,R06AX02
6143,R06AX03
6144,R06AX04
6145,R06AX05
6146,R06AX05
6147,R06AX07
6148,R06AX08
6149,R06AX09
6150,R06AX11
6151,R06AX12
6152,R06AX13
6153,R06AX15
6154,R06AX16
6155,R06AX17
6156,R06AX18
6157,R06AX19
6158,R06AX21
6159,R06AX22
6160,R06AX23
6161,R06AX24
6162,R06AX25
6163,R06AX26
6164,R06AX27
6165,R06AX28
6166,R06AX29
6167,R06AX31
6168,R06AX32
6169,R06AX53
6170,R06AX58
6171,R07
6172,R07A
6173,R07AA
6174,R07AA01
6175,R07AA02
6176,R07AA30
6177,R07AB
6178,R07AB01
6179,R07AB02
6180,R07AB02
6181,R07AB03
6182,R07AB04
6183,R07AB05
6184,R07AB06
6185,R07AB06
6186,R07AB07
6187,R07AB08
6188,R07AB09
6189,R07AB52
6190,R07AB53
6191,R07AX
6192,R07AX01
6193,R07AX02
6194,R07AX30
6195,R07AX31
6196,R07AX32
6197,S
6198,S01
6199,S01A
6200,S01AA
6201,S01AA01
6202,S01AA02
6203,S01AA03
6204,S01AA04
6205,S01AA05
6206,S01AA07
6207,S01AA09
6208,S01AA10
6209,S01AA11
6210,S01AA12
6211,S01AA13
6212,S01AA14
6213,S01AA15
6214,S01AA16
6215,S01AA17
6216,S01AA18
6217,S01AA19
6218,S01AA20
6219,S01AA21
6220,S01AA22
6221,S01AA23
6222,S01AA24
6223,S01AA25
6224,S01AA26
6225,S01AA27
6226,S01AA28
6227,S01AA30
6228,S01AB
6229,S01AB01
6230,S01AB02
6231,S01AB03
6232,S01AB04
6233,S01AB05
6234,S01AD
6235,S01AD01
6236,S01AD02
6237,S01AD03
6238,S01AD05
6239,S01AD06
6240,S01AD07
6241,S01AD08
6242,S01AD09
6243,S01AE
6244,S01AE01
6245,S01AE02
6246,S01AE03
6247,S01AE04
6248,S01AE05
6249,S01AE06
6250,S01AE07
6251,S01AE08
6252,S01AX
6253,S01AX01
6254,S01AX02
6255,S01AX03
6256,S01AX04
6257,S01AX05
6258,S01AX06
6259,S01AX07
6260,S01AX08
6261,S01AX09
6262,S01AX10
6263,S01AX14
6264,S01AX15
6265,S01AX16
6266,S01AX18
6267,S01B
6268,S01BA
6269,S01BA01
6270,S01BA02
6271,S01BA03
6272,S01BA04
6273,S01BA05
6274,S01BA06
6275,S01BA07
6276,S01BA08
6277,S01BA09
6278,S01BA10
6279,S01BA11
6280,S01BA12
6281,S01BA13
6282,S01BA14
6283,S01BA15
6284,S01BB
6285,S01BB01
6286,S01BB02
6287,S01BB03
6288,S01BB04
6289,S01BC
6290,S01BC01
6291,S01BC02
6292,S01BC03
6293,S01BC04
6294,S01BC05
6295,S01BC06
6296,S01BC07
6297,S01BC08
6298,S01BC09
6299,S01BC10
6300,S01BC11
6301,S01C
6302,S01CA
6303,S01CA01
6304,S01CA02
6305,S01CA03
6306,S01CA04
6307,S01CA05
6308,S01CA06
6309,S01CA07
6310,S01CA08
6311,S01CA09
6312,S01CA10
6313,S01CA11
6314,S01CB
6315,S01CB01
6316,S01CB02
6317,S01CB03
6318,S01CB04
6319,S01CB05
6320,S01CC
6321,S01CC01
6322,S01CC02
6323,S01E
6324,S01EA
6325,S01EA01
6326,S01EA02
6327,S01EA03
6328,S01EA04
6329,S01EA05
6330,S01EA51
6331,S01EB
6332,S01EB01
6333,S01EB01
6334,S01EB01
6335,S01EB02
6336,S01EB03
6337,S01EB04
6338,S01EB05
6339,S01EB06
6340,S01EB06
6341,S01EB07
6342,S01EB08
6343,S01EB09
6344,S01EB10
6345,S01EB51
6346,S01EB58
6347,S01EC
6348,S01EC01
6349,S01EC01
6350,S01EC02
6351,S01EC03
6352,S01EC04
6353,S01EC05
6354,S01EC54
6355,S01ED
6356,S01ED01
6357,S01ED02
6358,S01ED03
6359,S01ED04
6360,S01ED05
6361,S01ED06
6362,S01ED51
6363,S01ED52
6364,S01ED54
6365,S01ED55
6366,S01EE
6367,S01EE01
6368,S01EE02
6369,S01EE03
6370,S01EE04
6371,S01EE05
6372,S01EE06
6373,S01EE51
6374,S01EX
6375,S01EX01
6376,S01EX02
6377,S01EX05
6378,S01EX06
6379,S01F
6380,S01FA
6381,S01FA01
6382,S01FA02
6383,S01FA03
6384,S01FA04
6385,S01FA05
6386,S01FA06
6387,S01FA54
6388,S01FA56
6389,S01FB
6390,S01FB01
6391,S01FB02
6392,S01FB03
6393,S01FB51
6394,S01G
6395,S01GA
6396,S01GA01
6397,S01GA02
6398,S01GA03
6399,S01GA04
6400,S01GA05
6401,S01GA06
6402,S01GA07
6403,S01GA51
6404,S01GA52
6405,S01GA53
6406,S01GA55
6407,S01GA56
6408,S01GX
6409,S01GX01
6410,S01GX02
6411,S01GX03
6412,S01GX04
6413,S01GX05
6414,S01GX06
6415,S01GX07
6416,S01GX08
6417,S01GX09
6418,S01GX10
6419,S01GX11
6420,S01GX51
6421,S01H
6422,S01HA
6423,S01HA01
6424,S01HA02
6425,S01HA03
6426,S01HA04
6427,S01HA05
6428,S01HA06
6429,S01HA07
6430,S01HA30
6431,S01J
6432,S01JA
6433,S01JA01
6434,S01JA02
6435,S01JA51
6436,S01JX
6437,S01K
6438,S01KA
6439,S01KA01
6440,S01KA02
6441,S01KA51
6442,S01KX
6443,S01KX01
6444,S01L
6445,S01LA
6446,S01LA01
6447,S01LA02
6448,S01LA03
6449,S01LA04
6450,S01LA05
6451,S01LA06
6452,S01LA07
6453,S01X
6454,S01XA
6455,S01XA01
6456,S01XA02
6457,S01XA03
6458,S01XA04
6459,S01XA05
6460,S01XA06
6461,S01XA07
6462,S01XA08
6463,S01XA09
6464,S01XA10
6465,S01XA11
6466,S01XA12
6467,S01XA13
6468,S01XA14
6469,S01XA15
6470,S01XA18
6471,S01XA19
6472,S01XA20
6473,S01XA21
6474,S01XA22
6475,S01XA23
6476,S01XA24
6477,S01XA25
6478,S01XA26
6479,S01XA27
6480,S02
6481,S02A
6482,S02AA
6483,S02AA01
6484,S02AA02
6485,S02AA03
6486,S02AA04
6487,S02AA05
6488,S02AA06
6489,S02AA07
6490,S02AA08
6491,S02AA09
6492,S02AA10
6493,S02AA11
6494,S02AA12
6495,S02AA13
6496,S02AA14
6497,S02AA15
6498,S02AA16
6499,S02AA30
6500,S02B
6501,S02BA
6502,S02BA01
6503,S02BA03
6504,S02BA06
6505,S02BA07
6506,S02BA08
6507,S02C
6508,S02CA
6509,S02CA01
6510,S02CA02
6511,S02CA03
6512,S02CA04
6513,S02CA05
6514,S02CA06
6515,S02CA07
6516,S02D
6517,S02DA
6518,S02DA01
6519,S02DA02
6520,S02DA03
6521,S02DA04
6522,S02DA30
6523,S02DC
6524,S03
6525,S03A
6526,S03AA
6527,S03AA01
6528,S03AA02
6529,S03AA03
6530,S03AA04
6531,S03AA05
6532,S03AA06
6533,S03AA07
6534,S03AA08
6535,S03AA30
6536,S03B
6537,S03BA
6538,S03BA01
6539,S03BA02
6540,S03BA03
6541,S03C
6542,S03CA
6543,S03CA01
6544,S03CA02
6545,S03CA04
6546,S03CA05
6547,S03CA06
6548,S03D
6549,V
6550,V01
6551,V01A
6552,V01AA
6553,V01AA01
6554,V01AA02
6555,V01AA03
6556,V01AA04
6557,V01AA05
6558,V01AA07
6559,V01AA08
6560,V01AA09
6561,V01AA10
6562,V01AA11
6563,V01AA20
6564,V03
6565,V03A
6566,V03AB
6567,V03AB01
6568,V03AB02
6569,V03AB03
6570,V03AB04
6571,V03AB05
6572,V03AB06
6573,V03AB08
6574,V03AB09
6575,V03AB13
6576,V03AB14
6577,V03AB15
6578,V03AB16
6579,V03AB17
6580,V03AB18
6581,V03AB19
6582,V03AB20
6583,V03AB21
6584,V03AB22
6585,V03AB23
6586,V03AB24
6587,V03AB25
6588,V03AB26
6589,V03AB27
6590,V03AB29
6591,V03AB31
6592,V03AB32
6593,V03AB33
6594,V03AB34
6595,V03AB35
6596,V03AB36
6597,V03AB37
6598,V03AB38
6599,V03AC
6600,V03AC01
6601,V03AC02
6602,V03AC03
6603,V03AE
6604,V03AE01
6605,V03AE02
6606,V03AE03
6607,V03AE04
6608,V03AE05
6609,V03AE06
6610,V03AE07
6611,V03AE08
6612,V03AE09
6613,V03AE10
6614,V03AF
6615,V03AF01
6616,V03AF02
6617,V03AF03
6618,V03AF03
6619,V03AF04
6620,V03AF04
6621,V03AF05
6622,V03AF06
6623,V03AF07
6624,V03AF08
6625,V03AF09
6626,V03AF10
6627,V03AF11
6628,V03AG
6629,V03AG01
6630,V03AH
6631,V03AH01
6632,V03AK
6633,V03AM
6634,V03AN
6635,V03AN01
6636,V03AN02
6637,V03AN03
6638,V03AN04
6639,V03AN05
6640,V03AX
6641,V03AX02
6642,V03AX03
6643,V03AZ
6644,V03AZ01
6645,V04
6646,V04B
6647,V04C
6648,V04CA
6649,V04CA01
6650,V04CA02
6651,V04CB
6652,V04CB01
6653,V04CC
6654,V04CC01
6655,V04CC02
6656,V04CC03
6657,V04CC04
6658,V04CD
6659,V04CD01
6660,V04CD03
6661,V04CD04
6662,V04CD05
6663,V04CD06
6664,V04CE
6665,V04CE01
6666,V04CE02
6667,V04CE03
6668,V04CF
6669,V04CF01
6670,V04CG
6671,V04CG01
6672,V04CG02
6673,V04CG03
6674,V04CG04
6675,V04CG05
6676,V04CG30
6677,V04CH
6678,V04CH01
6679,V04CH02
6680,V04CH03
6681,V04CH04
6682,V04CH30
6683,V04CJ
6684,V04CJ01
6685,V04CJ02
6686,V04CK
6687,V04CK01
6688,V04CK02
6689,V04CK03
6690,V04CL
6691,V04CM
6692,V04CM01
6693,V04CX
6694,V04CX01
6695,V04CX02
6696,V04CX03
6697,V04CX04
6698,V04CX05
6699,V04CX06
6700,V04CX07
6701,V04CX08
6702,V04CX09
6703,V06
6704,V06A
6705,V06AA
6706,V06B
6707,V06C
6708,V06CA
6709,V06D
6710,V06DA
6711,V06DB
6712,V06DC
6713,V06DC01
6714,V06DC02
6715,V06DD
6716,V06DE
6717,V06DF
6718,V06DX
6719,V07
6720,V07A
6721,V07AA
6722,V07AB
6723,V07AC
6724,V07AD
6725,V07AN
6726,V07AR
6727,V07AS
6728,V07AT
6729,V07AV
6730,V07AX
6731,V07AY
6732,V07AZ
6733,V08
6734,V08A
6735,V08AA
6736,V08AA01
6737,V08AA02
6738,V08AA03
6739,V08AA04
6740,V08AA05
6741,V08AA06
6742,V08AA07
6743,V08AA08
6744,V08AA09
6745,V08AA10
6746,V08AB
6747,V08AB01
6748,V08AB02
6749,V08AB03
6750,V08AB04
6751,V08AB05
6752,V08AB06
6753,V08AB07
6754,V08AB08
6755,V08AB09
6756,V08AB10
6757,V08AB11
6758,V08AB12
6759,V08AC
6760,V08AC01
6761,V08AC02
6762,V08AC03
6763,V08AC04
6764,V08AC05
6765,V08AC06
6766,V08AC07
6767,V08AC08
6768,V08AC09
6769,V08AC10
6770,V08AD
6771,V08AD01
6772,V08AD02
6773,V08AD03
6774,V08AD04
6775,V08B
6776,V08BA
6777,V08BA01
6778,V08BA02
6779,V08C
6780,V08CA
6781,V08CA01
6782,V08CA02
6783,V08CA03
6784,V08CA04
6785,V08CA05
6786,V08CA06
6787,V08CA07
6788,V08CA08
6789,V08CA09
6790,V08CA10
6791,V08CA11
6792,V08CB
6793,V08CB01
6794,V08CB02
6795,V08CB03
6796,V08CX
6797,V08CX01
6798,V08D
6799,V08DA
6800,V08DA01
6801,V08DA02
6802,V08DA03
6803,V08DA04
6804,V08DA05
6805,V08DA06
6806,V09
6807,V09A
6808,V09AA
6809,V09AA01
6810,V09AA02
6811,V09AB
6812,V09AB01
6813,V09AB02
6814,V09AB03
6815,V09AX
6816,V09AX01
6817,V09AX03
6818,V09AX04
6819,V09AX05
6820,V09AX06
6821,V09B
6822,V09BA
6823,V09BA01
6824,V09BA02
6825,V09BA03
6826,V09BA04
6827,V09C
6828,V09CA
6829,V09CA01
6830,V09CA02
6831,V09CA03
6832,V09CA04
6833,V09CA05
6834,V09CA06
6835,V09CX
6836,V09CX01
6837,V09CX02
6838,V09CX03
6839,V09CX04
6840,V09D
6841,V09DA
6842,V09DA01
6843,V09DA02
6844,V09DA03
6845,V09DA04
6846,V09DA05
6847,V09DB
6848,V09DB01
6849,V09DB02
6850,V09DB03
6851,V09DB04
6852,V09DB05
6853,V09DB06
6854,V09DB07
6855,V09DX
6856,V09DX01
6857,V09E
6858,V09EA
6859,V09EA01
6860,V09EA02
6861,V09EA03
6862,V09EB
6863,V09EB01
6864,V09EB02
6865,V09EX
6866,V09EX01
6867,V09EX02
6868,V09EX03
6869,V09F
6870,V09FX
6871,V09FX01
6872,V09FX02
6873,V09FX03
6874,V09FX04
6875,V09G
6876,V09GA
6877,V09GA01
6878,V09GA02
6879,V09GA03
6880,V09GA04
6881,V09GA05
6882,V09GA06
6883,V09GA07
6884,V09GB
6885,V09GB01
6886,V09GB02
6887,V09GX
6888,V09GX01
6889,V09GX02
6890,V09GX03
6891,V09GX04
6892,V09H
6893,V09HA
6894,V09HA01
6895,V09HA02
6896,V09HA03
6897,V09HA04
6898,V09HB
6899,V09HB01
6900,V09HB02
6901,V09HX
6902,V09HX01
6903,V09I
6904,V09IA
6905,V09IA01
6906,V09IA02
6907,V09IA03
6908,V09IA04
6909,V09IA05
6910,V09IA06
6911,V09IA07
6912,V09IA08
6913,V09IA09
6914,V09IB
6915,V09IB01
6916,V09IB02
6917,V09IB03
6918,V09IB04
6919,V09IX
6920,V09IX01
6921,V09IX02
6922,V09IX03
6923,V09IX04
6924,V09IX05
6925,V09IX06
6926,V09IX07
6927,V09IX08
6928,V09IX09
6929,V09IX10
6930,V09IX11
6931,V09IX12
6932,V09IX13
6933,V09X
6934,V09XA
6935,V09XA01
6936,V09XA02
6937,V09XA03
6938,V09XX
6939,V09XX01
6940,V09XX02
6941,V09XX03
6942,V09XX04
6943,V10
6944,V10A
6945,V10AA
6946,V10AA01
6947,V10AA02
6948,V10AA03
6949,V10AX
6950,V10AX01
6951,V10AX02
6952,V10AX03
6953,V10AX04
6954,V10AX05
6955,V10AX06
6956,V10B
6957,V10BX
6958,V10BX01
6959,V10BX02
6960,V10BX03
6961,V10X
6962,V10XA
6963,V10XA01
6964,V10XA02
6965,V10XA53
6966,V10XX
6967,V10XX01
6968,V10XX02
6969,V10XX03
6970,V10XX04
6971,V20
